COMMUNE,distance,tt_bike,tt_car,tt_walk,tt_transit,part_transit,walktime
17483,30018.668707784364,184.21424635206043,48.33174400265571,261.3525928806475,73.91204275851291,0.476782274905669,16.826018322486053
17107,29523.777414469605,192.75382919909907,55.855961447551906,269.91202501492745,13.266324568062512,0.0012775798768652252,13.266324568062512
17136,31789.191299566555,209.79989850760862,51.19267598341084,293.8799435135636,68.50444918966487,0.41578797965142733,23.78023917947726
17373,32823.146198514616,216.76402880092445,53.51120082336918,304.3431976911439,74.19210879846395,0.39098091932420737,19.764631826631888
17466,32452.675011671592,211.89736684570616,56.75862775629328,298.17312908767286,80.37916298953132,0.36499987259002176,13.943886495698989
17264,32759.655896285924,209.44606589356252,49.90398669533369,305.1075022455704,59.96116192634347,0.47467404160278776,19.385034166289532
17008,34384.0056814553,219.25316457714925,56.451271526323524,308.2028218075445,16.843303564368863,0.003221410593729623,16.843303564368863
17221,38661.341231809994,253.20689034224293,70.4611344202069,357.22150668667155,12.966494776498248,2.837714133453342e-4,12.966494776498248
17182,36737.03497555569,250.4340834290516,56.52666856537241,353.323227201637,11.206298757584511,1.1496939108546476e-5,11.206298757584511
17003,29702.625153169367,206.77905494881753,54.60800634415081,290.4857331097806,17.726158171403355,0.007716555911118092,17.052405183254454
17059,31942.946881934233,202.737708575623,51.8107130177576,288.67683151481305,58.509881364663045,0.4259517971390523,14.448050212398599
17201,37975.73130816992,251.009483391873,64.04225913652222,354.1748461712439,6.797708333333333,2.1470784124405284e-4,6.797708333333333
17094,29418.3548459491,173.68019313972945,50.46626986757859,254.63566371956614,57.942117417003416,0.5662025547238748,21.069196399067398
17032,29733.886985134184,190.14925568172652,55.26208392754934,266.094383809037,86.67981922931861,0.04225203522556142,27.430494190064817
17009,34462.184421736354,225.98957802216242,58.52045654687548,318.1614329143617,67.61160335580769,0.0018168104776170322,24.04698509921221
17222,29148.135112350727,188.99220093472314,51.6699344309391,264.9925363810664,64.32556620328879,0.4496502261651665,14.252079594578268
17376,35579.70492007522,227.73965844643195,56.375398715255976,322.70058774285945,79.69472133012016,0.01006184995686523,36.680444111894154
17267,34991.307640282554,230.5067926128158,54.43330898300846,324.57073919089265,9.945053846321654,7.984615096319889e-4,9.945053846321654
17203,31027.717859472257,207.77447936637216,58.69920566666783,291.19027740279785,16.560074718442362,2.400359417019715e-4,16.560074718442362
17359,38064.32163686962,253.61128861842926,69.40850123127323,357.9777053399485,21.492440153994394,4.3116582935933285e-4,21.492440153994394
17443,27487.925452432097,175.6533334255748,50.66476555229468,244.40917612445602,74.47127390224465,0.5195207050380718,18.45221172904521
17041,37723.44958920122,245.05351396128657,61.29358141604981,345.6787995586911,13.468682687418227,0.0015347891021450166,13.468682687418227
17218,32991.823495601566,212.39858694930672,56.783902512619854,298.6779992788941,13.803410793504353,0.011667376374886367,13.803410793504353
17293,35674.26657936844,239.60463491986096,63.884478483966994,337.54339352851395,19.74854367043676,5.756465850744774e-4,19.74854367043676
17109,30877.209105337177,199.500751523502,50.27902011884909,283.17861194752317,61.35914840735582,0.43391430889197463,15.307751742987339
17245,31949.68739858889,205.8069580063264,51.90453502619584,290.24307783150437,63.19493810085126,0.4283290263649152,18.571996139087478
17091,29816.811026031377,196.05210653673112,54.94274599178939,274.76094999157027,28.32645660600265,0.0023874886627635863,24.934477076939697
17447,28781.364399856066,196.91939742812002,53.30970938604088,275.9929421132714,71.68080374297503,0.14295829185871878,27.154843830668167
17315,32797.26442106563,221.03413345713113,53.93200797588894,310.6657064311143,77.12528192333511,0.34662445341588893,20.355426824713216
17480,32702.183489509483,223.392446229247,58.363984470448784,314.20040957736376,34.31687968267959,8.931421918695725e-5,34.31687968267959
17391,29920.65539133201,185.65356016016753,50.51758215004779,269.55640979338926,58.69046499190735,0.4589968974917612,16.477598387832206
17414,29948.240558333204,192.48725245323462,50.54331066525884,273.8866438758201,58.74482527488445,0.44882980522710497,17.36452287261732
17208,37308.31181127955,238.69387045393174,56.837462207744885,336.4057758903603,19.753013635842784,6.254354189635503e-4,19.753013635842784
17338,38157.87345606217,252.74911370053334,68.20462042594808,356.6387082091515,15.471939616984754,0.0012609987905867032,15.471939616984754
17394,39184.42661738451,257.2291344858504,71.11347666933368,363.04355640151186,10.209201279256892,0.0012255189814256908,10.209201279256892
17482,36271.390747995014,246.29221937898754,63.917638003885926,347.3604868276442,14.607484488358974,7.23160056496423e-4,14.607484488358974
17028,29983.98800571247,187.57569542121686,40.80282547395227,271.00812440309636,43.88181455802194,0.5012994390660981,19.08636460087299
17193,24060.977109682968,149.82448069948325,44.4057869095931,215.01339028946595,68.36399192128046,0.5605854477258869,23.596841974347655
17321,36297.51538739379,228.78730416608445,64.30402170507526,322.2763451074119,22.36167806707855,6.323153482351284e-4,22.36167806707855
17186,35014.37013374166,230.1028990338251,58.78531659712316,324.05814858548297,1,1.146948084588006e-5,1
17434,36626.574239872825,243.2039203601535,67.53849292955373,343.2945902874956,77.4908949009213,0.32759485848127323,27.2609595955404
17127,36811.322193954016,247.8244730650893,57.79098773509966,349.703467729545,11.333597589489981,0.001929699896131681,11.333597589489981
17063,37473.96419131551,246.67176672683186,67.72219331681406,347.70096237871354,24.51641953264498,4.406220906618894e-4,24.51641953264498
17420,25702.12299098175,163.20287439593898,46.10104783994112,227.82115818863784,65.66199423391467,0.49652256677373396,18.57132081399131
17057,34100.797322865306,228.28847504802397,60.470352914967926,321.309715379635,28.462530904202964,3.4998640138888686e-4,28.462530904202964
17200,32868.6773628759,209.34348493378502,44.95752337013982,305.35159400914034,45.972555548980615,0.4645204809199197,19.89768429991133
17166,30436.805321911626,210.98573365010103,58.194173668050745,296.3952863388255,19.663906059228523,9.565236590695693e-4,19.663906059228523
17472,32065.194367393928,210.76941804452764,52.50367123654723,294.215778864844,51.48452769407978,0.0022874736180042263,24.70824904415046
17274,25453.781594023527,150.60332244992313,45.5007410534123,218.9195740651961,50.34788146955255,0.5582136769817918,18.063031311549903
17396,36161.438839119604,238.90779097612756,56.73495253865054,336.97326526366163,18.15088838043002,0.0023718138549556358,18.15088838043002
17291,30418.723978103037,195.76362758578472,46.15391325074879,283.7016983816469,49.02492879206346,0.47466230928354775,19.434287103963104
17080,33255.12217142437,222.37865930963937,62.22315669054742,312.3364834695595,15.278517529485548,5.633557506168839e-4,15.278517529485548
17322,37432.63869205786,243.0473769103479,60.58029891738505,342.75237658026634,12.977683038946882,8.03300171551654e-4,12.977683038946882
17413,26132.95383315929,160.4011113743667,45.921248844211824,227.57694014226527,69.46070497195639,0.5521842008811353,20.753655369164335
17132,38855.28498810993,255.4938524038072,64.93299688410782,360.84681685198575,15.459622545700745,3.0269660689630624e-4,15.459622545700745
17153,29850.12182674253,196.9555581343205,52.23378591405941,273.7502280164531,69.52957858305219,0.4261036670204067,14.470369249239504
17340,34291.81987925058,226.7221165275275,63.856296787897165,318.8898356858188,20.71792322905989,1.4498104739825438e-4,20.71792322905989
17194,31084.144358786125,207.29183695716682,51.74362011288319,291.17239258711726,63.528285035473765,0.4251569405489554,22.357055282838015
17142,33557.92115225051,208.2590809820948,51.61857005971771,301.582827091724,53.88533692868785,0.3936496129910568,19.553971569162215
17407,33615.01032086765,213.37473888370585,54.00150864752237,305.620747851321,73.16413303082581,0.371044213843566,20.62189124471192
NA,NA,NA,NA,NA,NA,NA,NA
17349,37230.32255183256,234.16152171212607,61.580027637334645,329.8933331695406,13.911659947074765,0.003692759049876674,13.911659947074765
17174,35343.2008907526,221.9804503800469,63.85317654818613,312.2564756416918,18.52408084890091,5.45371771602411e-4,18.52408084890091
17010,27088.959700651925,165.44451440894724,48.7788226628465,239.84809578713822,50.19420086476233,0.5765180144127098,19.24972957550477
17007,33106.36919334963,222.41413341501442,57.75197628817208,312.77283844650793,9.296289355322338,6.679656110873867e-5,9.296289355322338
17300,32764.98520313792,209.90495376575714,45.14310688760336,305.532886624229,40.06619524431883,0.46023640794638276,18.55170389931057
17190,33164.09982598829,211.81579269420962,45.57231427877798,307.91159550251035,53.89008497339417,0.433272043436428,21.490264357140518
17439,38329.093564236915,239.04871112770581,64.50025226719015,336.94353086477366,10.010324878806548,1.9400312224115794e-4,10.010324878806548
17303,38527.97627781486,244.55235153052502,62.54990052081565,344.9413127457568,19.397544968037028,0.0013118575363990997,19.397544968037028
17457,36890.80632851577,236.26284767468582,66.38446185622784,332.567862820545,13.643243733011175,4.728430728409866e-4,13.643243733011175
17158,35941.31355122702,245.03693173961176,52.73162911507496,345.8631633240192,13.279225750210747,0.0015996945108831182,13.279225750210747
17382,39346.222895443425,257.92859285490795,68.47853166723276,364.21661004477494,14.929581326126977,9.274316094103956e-5,14.929581326126977
17018,30627.119142399253,200.43884270344248,58.29788658416649,281.12438600615826,8.18637035748456,3.214915858406752e-4,8.18637035748456
