COMMUNE,nom_commune,population_1990,population_1999,population_2006,population_2010,population_2012,population_2016,population_2018,population_2020,population_2026,surface_km2,density_2026_per_km2,code_postal,epci,canton,arrondissement
17003,Aigrefeuille-d'Aunis,2944,3151,3581,3774,3803,3958,4190,4417,4748,17.1445,276.9,17290,CDC Aunis Sud,Surgères,Rochefort
17007,Anais,231,210,278,335,335,323,323,323,317,9.5111,33.3,17540,CDC Aunis Sud,La Jarrie,Rochefort
17008,Andilly,1481,1478,1889,2014,2075,2217,2287,2332,2405,28.6853,83.8,17230,CDC Aunis Atlantique,Marans,La Rochelle
17009,Angliers,310,364,676,807,847,1029,1104,1215,1462,10.8286,135.0,17540,CDC Aunis Atlantique,Marans,La Rochelle
17010,Angoulins,2908,3501,3815,3855,3924,3880,4095,4163,4339,7.8863,550.2,17690,CDA de La Rochelle,Châtelaillon-Plage,La Rochelle
17018,Ardillières,508,555,779,804,830,846,865,869,901,15.9603,56.5,17290,CDC Aunis Sud,Surgères,Rochefort
17028,Aytré,7786,7725,8889,9075,9111,8706,9371,9545,9881,12.2076,809.4,17440,CDA de La Rochelle,Aytré,La Rochelle
17032,Ballon,482,526,650,747,775,793,817,826,846,12.2558,69.0,17290,CDC Aunis Sud,Surgères,Rochefort
17041,Benon,426,514,673,1018,1387,1599,1665,1731,1876,47.4567,39.5,17170,CDC Aunis Atlantique,Marans,La Rochelle
17057,Bouhet,390,410,662,876,869,894,927,927,920,15.2136,60.5,17540,CDC Aunis Sud,La Jarrie,Rochefort
17059,Bourgneuf,1044,1041,1076,1078,1106,1216,1358,1419,1493,2.5678,581.4,17220,CDA de La Rochelle,La Jarrie,La Rochelle
17063,Breuil-la-Réorte,329,312,318,425,,456,463,471,480,16.0857,29.8,17700,CDC Aunis Sud,Surgères,Rochefort
17080,Chambon,730,739,851,921,900,911,957,990,993,18.6568,53.2,17290,CDC Aunis Sud,Surgères,Rochefort
17091,Charron,1512,1650,2172,2371,1926,1981,2022,2034,2048,35.7726,57.3,17230,CDC Aunis Atlantique,Marans,La Rochelle
17094,Châtelaillon-Plage,4993,5625,6039,6176,6079,5923,5963,6118,6750,6.717,1004.9,17340,CDA de La Rochelle,Châtelaillon-Plage,La Rochelle
17107,Ciré-d'Aunis,686,804,1109,1193,1198,1335,1403,1534,1604,25.8305,62.1,17290,CDC Aunis Sud,Surgères,Rochefort
17109,Clavette,592,711,902,1204,1313,1357,1443,1478,1424,6.2978,226.1,17220,CDA de La Rochelle,La Jarrie,La Rochelle
17127,Courçon,990,1097,1475,1691,1748,1757,1779,1906,2113,19.2096,110.0,17170,CDC Aunis Atlantique,Marans,La Rochelle
17132,Cram-Chaban,516,515,567,621,642,654,671,666,670,16.0374,41.8,17170,CDC Aunis Atlantique,Marans,La Rochelle
17136,Croix-Chapeau,863,890,1081,1168,1212,1240,1294,1327,1434,4.87,294.5,17220,CDA de La Rochelle,La Jarrie,La Rochelle
17142,Dompierre-sur-Mer,3627,4305,5382,5435,5491,5387,5701,5950,6486,18.3751,353.0,17139,CDA de La Rochelle,Aytré,La Rochelle
17153,Esnandes,1730,1836,2042,2098,2130,2056,2104,2111,2260,7.655,295.2,17137,CDA de La Rochelle,Lagord,La Rochelle
17158,Ferrières,306,362,657,787,806,877,975,1191,1589,7.5801,209.6,17170,CDC Aunis Atlantique,Marans,La Rochelle
17166,Forges,786,903,1105,1212,1242,1286,1329,1334,1327,13.6769,97.0,17290,CDC Aunis Sud,Surgères,Rochefort
17174,Genouillé,533,644,764,806,827,869,913,932,884,34.5882,25.6,17430,CDC Aunis Sud,Tonnay-Charente,Rochefort
17182,La Grève-sur-Mignon,317,361,417,496,534,556,571,560,582,11.5507,50.4,17170,CDC Aunis Atlantique,Marans,La Rochelle
17186,Le Gué-d'Alleré,440,514,672,673,736,910,956,979,1127,7.6617,147.1,17540,CDC Aunis Atlantique,Marans,La Rochelle
17190,L'Houmeau,2486,2279,2205,2337,2734,2842,2905,2917,3048,4.3781,696.2,17137,CDA de La Rochelle,Lagord,La Rochelle
17193,La Jarne,1633,2054,2263,2460,2478,2473,2570,2622,2695,8.4387,319.4,17220,CDA de La Rochelle,La Jarrie,La Rochelle
17194,La Jarrie,2413,2653,2865,2835,3012,3224,3375,3446,3532,9.5249,370.8,17220,CDA de La Rochelle,La Jarrie,La Rochelle
17200,Lagord,5287,6456,7180,7429,7437,7100,7285,7350,7945,7.9983,993.3,17140,CDA de La Rochelle,Lagord,La Rochelle
17201,La Laigne,243,275,279,378,443,477,482,487,504,4.3109,116.9,17170,CDC Aunis Atlantique,Marans,La Rochelle
17203,Landrais,474,526,630,712,761,738,742,769,809,15.5918,51.9,17290,CDC Aunis Sud,Surgères,Rochefort
17208,Longèves,417,515,693,813,881,955,1017,1065,1065,13.1263,81.1,17230,CDC Aunis Atlantique,Marans,La Rochelle
17218,Marans,4170,4375,4715,4688,4695,4517,4552,4584,4540,83.7494,54.2,17230,CDC Aunis Atlantique,Marans,La Rochelle
17221,Marsais,702,785,868,931,931,914,952,948,1000,23.7876,42.0,17700,CDC Aunis Sud,Surgères,Rochefort
17222,Marsilly,1926,2203,2478,2662,2843,3003,3178,3284,3258,12.0435,270.5,17137,CDA de La Rochelle,Lagord,La Rochelle
17245,Montroy,486,538,640,659,686,881,919,921,977,4.0189,243.1,17220,CDA de La Rochelle,La Jarrie,La Rochelle
17264,Nieul-sur-Mer,4957,5641,5792,5815,5890,5767,5864,5957,5884,10.9205,538.8,17137,CDA de La Rochelle,Lagord,La Rochelle
17267,Nuaillé-d'Aunis,550,632,832,1091,1174,1143,1155,1214,1297,16.4585,78.8,17540,CDC Aunis Atlantique,Marans,La Rochelle
17274,Périgny,4129,6003,6815,7501,7839,8281,8760,8932,9055,11.0046,822.8,17180,CDA de La Rochelle,Aytré,La Rochelle
17291,Puilboreau,4067,4622,5098,5482,5791,5993,6490,6786,6875,7.9954,859.9,17138,CDA de La Rochelle,Aytré,La Rochelle
17293,Puyravault,406,467,510,627,643,662,695,712,765,13.7304,55.7,17700,CDC Aunis Sud,Surgères,Rochefort
17300,La Rochelle,71094,76584,80014,77875,77119,75736,78264,79323,81843,31.2412,2619.7,17000,CDA de La Rochelle,La Rochelle,La Rochelle
17303,La Ronde,703,744,871,1098,1126,1055,1057,1038,1009,20.7914,48.5,17170,CDC Aunis Atlantique,Marans,La Rochelle
17315,Saint-Christophe,827,916,1119,1245,1279,1364,1379,1405,1444,13.6584,105.7,17220,CDA de La Rochelle,La Jarrie,La Rochelle
17321,Saint-Crépin,237,217,249,290,305,342,356,362,348,14.1355,24.6,17380,CDC Aunis Sud,Saint-Jean-d'Angély,Rochefort
17322,Saint-Cyr-du-Doret,340,365,536,600,595,637,669,692,687,17.1044,40.2,17170,CDC Aunis Atlantique,Marans,La Rochelle
17338,Saint-Georges-du-Bois,1373,1466,1703,1783,1813,1764,1801,1828,1903,27.8318,68.4,17700,CDC Aunis Sud,Surgères,Rochefort
17340,Saint-Pierre-la-Noue,1079,1038,1207,1265,1287,1593,1632,1608,1579,24.9385,63.3,17700,CDC Aunis Sud,Surgères,Rochefort
17349,Saint-Jean-de-Liversay,1627,1697,2192,2455,2609,2830,2995,3041,3107,41.5488,74.8,17170,CDC Aunis Atlantique,Marans,La Rochelle
17359,Saint-Mard,865,868,989,1085,1166,1204,1226,1230,1288,21.0254,61.3,17700,CDC Aunis Sud,Surgères,Rochefort
17373,Saint-Médard-d'Aunis,1073,1253,1478,1848,2009,2232,2322,2376,2457,22.6515,108.5,17220,CDA de La Rochelle,La Jarrie,La Rochelle
17376,Saint-Ouen-d'Aunis,612,692,1167,1238,1339,1639,1844,2014,2182,8.8948,245.3,17230,CDC Aunis Atlantique,Marans,La Rochelle
17382,Saint-Pierre-d'Amilly,409,386,436,465,505,524,538,556,586,19.7418,29.7,17700,CDC Aunis Sud,Surgères,Rochefort
17391,Saint-Rogatien,1272,1805,1859,1970,2006,2187,2326,2475,2414,5.1682,467.1,17220,CDA de La Rochelle,La Jarrie,La Rochelle
17394,Saint-Saturnin-du-Bois,685,746,851,898,886,873,927,920,930,25.2388,36.8,17700,CDC Aunis Sud,Surgères,Rochefort
17396,Saint-Sauveur-d'Aunis,899,1069,1392,1623,1676,1692,1746,1756,2053,19.2331,106.7,17540,CDC Aunis Atlantique,Marans,La Rochelle
17407,Sainte-Soulle,2603,2653,3285,3656,3825,4401,4798,5001,5133,22.0135,233.2,17220,CDA de La Rochelle,La Jarrie,La Rochelle
17413,Saint-Vivien,702,851,886,1115,1166,1252,1353,1406,1460,8.334,175.2,17220,CDA de La Rochelle,Châtelaillon-Plage,La Rochelle
17414,Saint-Xandre,3279,4121,4607,4680,4563,4718,5063,5399,5806,13.4631,431.3,17138,CDA de La Rochelle,Lagord,La Rochelle
17420,Salles-sur-Mer,1441,1611,2056,2086,2108,2103,2269,2387,2523,14.0879,179.1,17220,CDA de La Rochelle,Châtelaillon-Plage,La Rochelle
17434,Surgères,6049,6051,6172,6720,6821,6820,6974,6970,7152,28.6268,249.8,17700,CDC Aunis Sud,Surgères,Rochefort
17439,Taugon,610,612,665,827,842,795,802,793,781,15.7496,49.6,17170,CDC Aunis Atlantique,Marans,La Rochelle
17443,Thairé,951,1053,1411,1517,1588,1675,1750,1823,1939,18.7993,103.1,17290,CDA de La Rochelle,La Jarrie,La Rochelle
17447,Le Thou,1024,1170,1374,1660,1824,1876,1963,2045,2146,19.3391,111.0,17290,CDC Aunis Sud,Surgères,Rochefort
17457,La Devise,745,725,744,786,1100,1092,1168,1210,1200,26.8806,44.6,17700,CDC Aunis Sud,Saint-Jean-d'Angély,Rochefort
17466,Vérines,1166,1377,1676,2024,2171,2220,2303,2360,2421,13.5102,179.2,17540,CDA de La Rochelle,La Jarrie,La Rochelle
17472,Villedoux,958,934,1107,1445,1913,2240,2252,2316,2195,15.6836,140.0,17230,CDC Aunis Atlantique,Marans,La Rochelle
17480,Virson,387,435,643,744,763,758,772,774,747,9.9794,74.9,17290,CDC Aunis Sud,Surgères,Rochefort
17482,Vouhé,404,392,565,667,663,665,657,654,691,15.7639,43.8,17700,CDC Aunis Sud,Surgères,Rochefort
17483,Yves,893,1057,1374,1465,1484,1475,1508,1523,1611,25.8851,62.2,17340,CDA de La Rochelle,Châtelaillon-Plage,La Rochelle
