IRIS,COMMUNE,population_2021,pop_0_14,pop_15_29,pop_30_44,pop_45_59,pop_60_74,pop_75p,pop_15p_active_base,pop_cs1_agriculteurs,pop_cs2_artisans_commerc_chefs_entr,pop_cs3_cadres_prof_intel_sup,pop_cs4_prof_intermediaires,pop_cs5_employes,pop_cs6_ouvriers,pop_cs7_retraites,pop_cs8_autres_sans_activite,pop_nationalite_francaise,pop_etrangers,pop_immigres,pop_menages
170030000,17003,4479.0,794.8,572.1,822.8,905.9,912.4,471.0,3638.1,16.4,114.2,223.8,560.3,565.6,517.6,1240.2,400.0,4419.4,59.6,96.9,4416.0
170070000,17007,316.0,56.5,40.9,60.9,84.5,56.7,16.6,276.6,0.0,10.3,5.0,74.8,44.9,35.3,66.5,39.7,313.0,3.0,4.0,316.0
170080000,17008,2312.0,456.4,310.8,493.2,477.2,449.0,125.4,1866.9,15.5,133.6,127.2,325.6,316.1,262.8,438.6,247.4,2276.0,36.0,52.8,2312.0
170090000,17009,1285.0,334.1,191.6,383.5,222.9,112.5,40.3,939.9,4.6,72.4,66.5,272.9,211.9,143.1,95.5,72.9,1273.5,11.5,27.5,1285.0
170100000,17010,4117.0,553.4,513.7,578.1,863.0,1064.8,544.0,3522.1,9.7,151.8,335.4,506.1,455.9,273.2,1429.5,360.5,4017.8,99.2,152.0,4047.0
170180000,17018,865.0,187.7,122.8,190.4,200.4,121.3,42.3,650.4,9.9,29.8,34.6,114.3,128.4,133.5,131.2,68.8,861.0,4.0,8.1,865.0
170280101,17028,551.0,63.1,88.3,116.8,110.7,128.2,44.0,456.1,0.0,24.5,49.2,34.4,88.2,73.6,117.5,68.7,523.6,27.4,38.2,551.0
170280102,17028,1308.9,280.6,250.7,244.3,242.1,174.0,117.2,962.4,0.0,34.5,54.3,132.6,176.6,127.8,229.9,206.7,1265.7,43.2,61.8,1261.9
170280103,17028,3896.8,465.0,812.2,755.1,655.7,741.9,466.9,3467.5,0.0,98.3,437.1,662.3,461.1,333.6,1091.7,383.4,3777.1,119.7,181.4,3896.8
170280104,17028,3821.3,486.6,750.1,730.1,654.1,713.9,486.4,3337.4,9.8,137.7,304.7,525.6,554.8,333.8,1009.0,462.1,3710.2,111.1,191.6,3694.8
170320000,17032,821.0,178.7,104.5,211.7,150.6,134.8,40.8,657.6,10.2,41.1,41.0,158.9,128.5,61.7,129.1,87.0,816.9,4.1,8.1,821.0
170410000,17041,1763.0,461.1,222.7,456.4,302.3,191.7,128.9,1259.8,4.7,78.4,69.7,237.2,250.6,148.7,303.5,166.9,1745.6,17.4,24.1,1699.0
170570000,17057,916.0,220.9,120.6,253.8,174.7,110.3,35.7,712.1,0.0,54.6,24.9,129.1,133.8,154.1,135.8,79.8,907.0,9.0,10.1,858.0
170590000,17059,1418.0,273.7,188.8,282.0,278.2,326.0,69.3,1128.2,5.5,54.2,146.4,166.8,173.9,129.9,310.6,140.8,1395.7,22.3,43.6,1418.0
170630000,17063,466.0,76.4,80.7,84.7,92.4,84.4,47.3,377.3,10.0,46.1,15.6,20.6,87.4,41.3,98.3,58.1,465.0,1.0,6.7,466.0
170800000,17080,988.0,196.6,122.5,187.0,229.0,170.3,82.5,804.3,20.7,31.7,15.5,122.9,132.8,127.6,237.8,115.3,982.9,5.1,9.4,959.0
170910000,17091,2002.0,356.7,277.8,364.0,430.9,371.0,201.5,1673.3,40.3,95.2,60.2,229.2,275.5,220.2,548.6,204.1,1981.3,20.7,31.9,1948.0
170940101,17094,3148.8,368.8,433.3,423.8,564.3,856.4,502.2,2850.2,0.0,98.1,223.3,353.6,349.4,153.2,1357.6,315.0,3103.3,45.5,100.5,3081.5
170940102,17094,3078.2,287.2,318.6,293.6,522.6,939.6,716.6,2807.1,4.4,192.3,263.4,242.2,223.9,123.8,1420.3,336.8,3027.7,50.5,84.4,3003.5
171070000,17107,1538.0,314.9,212.7,360.8,308.1,239.8,101.7,1195.2,13.5,29.0,84.1,188.8,269.6,216.6,264.4,129.3,1523.3,14.7,21.5,1532.0
171090000,17109,1441.0,274.3,168.2,308.6,313.9,253.7,122.3,1185.5,16.4,64.7,143.5,244.0,195.2,79.0,337.3,105.5,1420.5,20.5,38.0,1404.3
171270000,17127,1980.0,439.7,297.8,449.5,361.1,300.3,131.6,1551.5,9.5,42.9,71.6,304.4,300.2,252.5,336.7,233.8,1946.5,33.5,49.7,1978.0
171320000,17132,648.0,139.0,86.9,133.1,140.8,92.3,56.0,532.0,15.4,20.6,30.8,66.8,81.8,103.2,161.8,51.6,647.0,1.0,7.1,648.0
171360000,17136,1337.0,227.9,224.2,252.1,313.2,215.6,104.0,1083.5,0.0,47.4,135.6,197.7,212.1,136.4,241.2,113.0,1314.4,22.6,31.3,1337.0
171420000,17142,5961.0,908.4,747.4,909.2,1419.9,1270.8,705.3,5066.3,37.1,299.8,483.0,840.0,583.0,346.1,1841.4,635.9,5861.4,99.6,182.4,5821.0
171530000,17153,2103.0,332.1,259.7,365.7,422.7,526.5,196.3,1816.8,0.0,76.0,86.5,235.1,275.1,265.2,727.4,151.6,2074.9,28.1,50.6,2058.0
171580000,17158,1345.0,297.8,252.6,313.0,263.6,148.9,69.1,1014.5,0.0,81.9,54.1,190.8,244.5,217.5,144.6,81.2,1302.1,42.9,48.5,1345.0
171660000,17166,1328.0,270.4,207.1,283.4,269.6,216.4,81.1,1014.6,10.2,20.7,25.7,112.8,256.7,164.4,297.2,126.9,1317.9,10.1,12.2,1328.0
171740000,17174,905.0,173.2,139.4,178.8,203.1,151.2,59.3,722.5,31.4,62.1,11.2,82.9,141.4,139.5,192.2,61.9,895.4,9.6,14.8,904.0
171820000,17182,559.0,117.0,72.4,128.4,118.6,77.4,45.1,439.7,4.8,43.0,47.5,57.5,80.8,52.6,101.3,52.2,546.4,12.6,14.5,557.0
171860000,17186,975.0,244.3,131.2,249.0,199.0,102.3,49.1,731.8,20.3,40.6,25.4,115.5,180.8,135.0,153.5,60.7,968.0,7.0,12.2,975.0
171900000,17190,2907.0,438.2,288.2,459.4,536.5,663.0,521.7,2425.0,0.0,83.1,293.3,351.9,293.2,97.8,1060.5,245.1,2852.8,54.2,118.2,2820.0
171930000,17193,2591.0,359.3,350.8,449.6,575.4,562.0,293.9,2221.6,10.2,86.5,162.6,295.8,398.2,183.4,826.9,258.1,2553.5,37.5,62.0,2511.0
171940000,17194,3414.0,614.1,417.2,623.4,782.2,695.4,281.7,2788.9,10.2,96.3,284.0,471.7,411.7,284.8,921.0,309.2,3360.5,53.5,83.9,3414.0
172000101,17200,1786.2,236.0,224.3,278.3,322.6,351.2,373.8,1548.6,4.7,42.5,236.3,226.8,170.1,42.5,660.3,165.4,1758.7,27.5,55.8,1786.2
172000102,17200,2061.1,258.7,339.9,347.3,428.2,386.0,301.0,1806.8,0.0,103.9,207.8,316.4,230.1,141.6,616.9,190.1,1989.9,71.1,109.6,1952.1
172000103,17200,3539.8,485.5,402.5,512.6,654.6,856.7,627.8,3037.1,4.7,127.6,330.8,406.3,363.9,160.7,1324.6,318.4,3451.6,88.1,161.0,3418.4
172010000,17201,488.0,114.1,62.5,126.9,99.4,56.4,28.6,367.6,0.0,14.7,24.4,83.9,83.3,68.6,48.4,44.4,487.0,1.0,2.9,488.0
172030000,17203,778.0,149.5,126.6,168.5,140.5,143.0,50.0,604.5,9.6,58.0,72.6,120.8,77.2,53.0,174.8,38.5,767.3,10.7,13.6,768.0
172080000,17208,1058.0,206.9,150.1,261.1,251.5,132.3,56.0,859.5,15.8,69.9,59.2,151.9,173.8,129.5,165.4,93.8,1039.5,18.5,38.8,1058.0
172180000,17218,4500.0,631.0,627.2,625.2,911.2,992.3,713.1,3863.2,34.6,214.7,155.9,422.4,588.7,523.8,1493.0,430.0,4422.3,77.7,119.2,4315.3
172210000,17221,930.0,183.6,138.8,165.2,196.7,160.2,85.4,722.4,36.2,10.4,56.6,71.7,113.1,113.2,219.0,102.1,911.1,18.9,20.1,930.0
172220000,17222,3194.0,502.9,365.8,539.1,714.7,783.5,287.9,2695.3,36.4,203.3,219.1,411.6,397.8,237.8,877.2,312.1,3149.9,44.1,78.5,3194.0
172450000,17245,918.0,194.3,125.3,229.8,179.2,153.2,36.1,734.5,5.1,24.9,65.1,155.4,170.4,95.3,158.2,60.1,913.9,4.1,18.3,918.0
172640101,17264,3033.8,404.5,311.3,420.0,637.6,763.7,496.7,2620.3,4.9,111.7,276.2,383.4,313.8,160.2,1082.4,287.8,2972.7,61.1,107.2,2964.1
172640102,17264,2764.2,374.2,280.8,390.5,543.6,804.1,370.9,2420.1,10.2,120.1,194.6,330.5,319.0,170.6,1026.7,248.4,2699.8,64.4,106.1,2743.6
172670000,17267,1228.0,277.3,151.2,323.0,261.3,159.8,55.5,963.9,4.8,57.6,91.1,191.8,196.8,124.7,206.0,91.2,1214.3,13.7,18.5,1228.0
172740101,17274,2579.5,367.4,433.8,477.6,488.4,542.3,269.9,2194.3,5.3,98.0,222.1,404.8,352.7,191.4,670.3,249.8,2515.9,63.6,110.2,2541.5
172740102,17274,2300.8,303.8,291.9,369.3,474.2,632.6,228.9,1990.6,0.0,84.5,202.1,305.8,314.7,136.5,755.1,192.0,2240.4,60.4,92.1,2298.8
172740103,17274,3860.7,685.8,627.3,647.6,864.9,727.4,307.7,3168.4,10.8,125.6,361.5,683.7,472.5,252.9,847.1,414.3,3753.4,107.4,185.3,3771.7
172910000,17291,6635.0,908.8,886.4,1069.2,1312.3,1470.7,987.6,5830.7,35.8,280.8,358.5,754.9,883.7,489.2,2337.9,690.0,6449.6,185.4,310.7,6130.0
172930000,17293,705.0,157.0,84.3,162.7,129.5,110.0,61.5,529.2,10.0,20.0,10.0,80.1,135.0,104.9,134.2,34.9,703.0,2.0,2.0,705.0
173000101,17300,2292.9,147.2,965.6,334.2,363.6,304.3,178.0,2055.0,0.0,89.6,283.4,270.6,287.8,117.7,391.9,613.9,2086.0,206.8,217.4,2161.9
173000102,17300,1945.3,158.1,755.9,327.3,298.6,255.1,150.5,1739.0,0.0,95.5,309.3,261.8,206.3,110.3,311.1,444.6,1817.4,127.9,160.4,1945.3
173000103,17300,2406.8,195.3,909.7,380.5,350.3,395.9,175.0,2278.7,0.0,118.8,318.5,432.5,365.1,141.3,412.4,490.1,2289.9,116.9,153.8,2406.8
173000104,17300,3162.2,258.8,992.7,462.7,532.0,536.2,379.8,2971.9,4.0,76.7,397.4,477.7,489.0,209.8,760.7,556.8,3051.3,110.9,171.3,2946.2
173000201,17300,1811.2,128.4,135.9,164.7,252.4,508.5,621.4,1658.9,4.1,57.6,169.0,91.3,81.0,25.7,1051.9,178.2,1761.8,49.4,70.8,1811.2
173000202,17300,3847.1,484.9,428.4,541.6,720.9,1075.8,595.4,3502.9,0.0,200.6,658.2,417.7,242.8,119.4,1462.0,402.3,3776.7,70.4,128.6,3847.1
173000301,17300,2005.6,254.3,241.7,279.6,312.9,500.6,416.5,1742.5,4.1,40.5,130.0,164.9,213.3,153.3,781.9,254.3,1915.0,90.7,129.6,1970.6
173000302,17300,2849.0,464.4,394.4,474.9,562.4,518.4,434.3,2637.4,0.0,92.1,130.6,250.7,549.2,264.5,916.3,434.0,2617.2,231.8,285.5,2709.0
173000401,17300,222.3,30.5,25.6,38.4,48.0,43.0,36.9,201.7,0.0,0.0,9.5,14.2,26.6,43.3,74.9,33.3,213.6,8.8,34.9,222.3
173000402,17300,2645.6,371.7,379.3,514.8,651.1,508.7,220.1,2254.9,0.0,82.2,154.5,318.5,377.2,375.3,574.3,372.9,2525.8,119.8,193.9,2645.6
173000403,17300,3330.2,530.1,490.4,674.8,664.0,531.6,439.3,2656.9,0.0,151.8,239.3,435.8,424.7,291.1,770.8,343.4,3226.4,103.8,166.3,3310.2
173000501,17300,1876.8,401.5,255.9,266.9,334.3,339.0,279.3,1661.1,0.0,42.5,79.7,152.6,319.8,161.2,602.1,303.2,1748.5,128.3,164.0,1876.8
173000502,17300,1025.3,238.4,219.2,171.3,195.0,116.9,84.5,806.5,0.0,15.1,18.6,34.4,156.8,146.8,165.2,269.5,893.0,132.3,171.6,1025.3
173000503,17300,2868.3,666.4,497.3,551.6,463.2,428.7,261.2,2195.3,0.0,80.8,56.0,240.4,453.0,382.0,511.2,472.0,2525.6,342.7,385.2,2868.3
173000504,17300,1762.4,445.0,294.9,292.7,341.2,272.1,116.5,1142.7,0.0,12.2,12.6,83.6,237.1,144.7,282.5,370.1,1523.0,239.4,302.5,1762.4
173000505,17300,1931.5,437.8,433.5,353.2,277.7,272.9,156.4,1575.8,3.8,21.0,68.7,137.7,343.2,231.3,383.8,386.3,1649.9,281.6,294.9,1872.5
173000601,17300,2429.6,292.6,368.3,410.7,535.6,482.0,340.4,2026.4,0.0,123.2,220.6,315.9,264.9,182.6,621.9,297.3,2330.1,99.5,136.5,2422.6
173000602,17300,2038.3,257.5,344.9,319.9,396.9,364.6,354.4,1706.9,0.0,51.8,155.0,222.5,284.8,157.7,522.2,312.9,1922.9,115.5,156.2,2038.3
173000603,17300,3321.2,437.7,410.4,456.2,782.1,765.2,469.8,2839.3,1.2,114.6,577.9,408.1,207.8,71.5,1085.3,372.9,3278.8,42.4,105.8,3321.2
173000701,17300,1801.2,202.9,231.9,249.5,397.8,354.5,364.6,1573.6,0.0,51.3,195.8,211.1,135.8,90.9,656.0,232.7,1759.5,41.8,57.9,1591.2
173000702,17300,3096.1,308.0,504.9,389.4,652.8,677.5,563.5,2995.0,0.0,116.0,369.4,370.3,412.4,182.7,1157.0,387.2,2987.5,108.6,155.6,3096.1
173000703,17300,2190.6,248.3,413.2,316.0,412.3,459.9,340.8,1941.8,0.0,50.2,235.7,226.9,342.2,133.9,642.4,310.5,2117.8,72.8,106.0,1899.6
173000801,17300,4027.4,579.5,705.4,816.9,756.9,668.5,500.1,3411.9,3.9,117.4,366.3,585.0,597.8,270.6,1050.9,420.0,3917.3,110.1,216.2,4018.4
173000802,17300,2288.6,284.5,535.2,427.4,394.7,418.7,228.0,2008.7,0.0,61.4,293.4,325.5,347.1,191.3,537.1,252.8,2241.1,47.5,87.6,2257.6
173000901,17300,1620.3,211.5,191.1,232.5,348.8,418.4,218.0,1389.1,0.0,65.1,144.8,214.7,167.1,67.1,535.3,194.9,1577.5,42.8,63.6,1597.3
173000902,17300,1865.6,331.9,364.5,376.1,358.0,252.0,183.1,1579.8,0.0,41.5,87.5,122.7,312.9,299.5,380.5,335.2,1559.6,306.0,320.7,1788.6
173000903,17300,2719.4,588.1,564.2,425.5,543.1,468.9,129.5,1910.7,4.2,70.8,28.2,140.3,372.4,280.8,403.2,610.6,2215.8,503.6,552.4,2719.4
173000904,17300,1802.0,326.3,275.2,296.8,328.0,388.4,187.3,1489.0,0.0,22.4,43.4,106.0,272.6,244.9,487.1,312.7,1598.2,203.8,268.4,1793.0
173001001,17300,3227.5,196.6,1397.9,395.3,438.2,504.8,294.7,3027.3,0.0,91.5,209.6,336.0,341.6,269.3,713.3,1066.1,3038.5,189.0,258.3,2934.5
173001002,17300,5411.5,193.2,3432.6,408.0,450.4,544.3,382.9,5100.9,0.0,119.1,397.7,445.3,614.5,302.8,950.0,2271.5,4865.7,545.8,609.1,5133.5
173001003,17300,4713.2,593.5,1271.9,931.2,838.3,694.1,384.2,4121.9,1.3,146.1,465.7,625.8,706.3,366.3,888.6,921.8,4517.0,196.2,272.2,4639.2
173030000,17303,1015.0,195.2,133.7,185.2,196.7,214.9,89.2,841.7,5.0,60.0,20.2,75.9,166.5,111.2,302.1,100.8,1003.0,12.0,19.1,1015.0
173150000,17315,1389.0,275.2,215.4,308.3,293.7,211.4,85.1,1112.6,20.4,36.0,47.9,217.6,213.4,124.6,294.0,158.8,1379.0,10.0,23.2,1389.0
173210000,17321,351.0,72.3,52.6,77.4,65.8,56.8,26.1,281.1,0.0,9.7,9.7,48.0,39.2,87.5,53.8,33.1,335.4,15.6,18.7,351.0
173220000,17322,685.0,141.1,79.1,126.8,118.7,95.4,124.0,558.4,15.4,41.0,5.2,107.6,91.8,65.9,180.5,50.9,677.9,7.1,10.1,592.3
173380000,17338,1838.0,322.3,240.6,353.1,395.0,347.0,180.1,1551.5,19.4,78.3,97.4,230.0,233.9,175.6,511.4,205.5,1815.5,22.5,31.4,1823.0
173400000,17340,1508.0,248.9,186.7,277.5,341.4,319.5,134.1,1294.0,15.3,80.4,110.7,175.1,155.7,230.4,322.1,204.3,1477.1,30.9,45.0,1496.0
173490000,17349,3038.0,724.7,356.3,728.2,505.2,412.0,311.6,2307.5,66.8,113.2,123.6,391.0,416.9,318.9,604.8,272.3,3013.3,24.7,51.4,2969.0
173590000,17359,1227.0,235.1,155.1,249.9,250.5,250.5,85.9,988.9,9.8,44.5,29.5,172.5,167.6,152.7,298.9,113.4,1214.4,12.6,21.3,1227.0
173730000,17373,2349.0,476.0,356.1,513.8,491.3,342.6,169.1,1848.8,26.4,109.1,133.0,313.6,373.5,257.5,431.0,204.7,2319.8,29.2,59.5,2269.0
173760000,17376,2083.0,488.1,353.1,538.6,389.5,243.9,69.7,1604.6,10.5,104.3,99.0,328.3,354.2,166.3,340.2,201.9,2058.9,24.1,49.3,2067.0
173820000,17382,552.0,112.2,72.5,114.1,112.8,112.6,27.9,416.1,10.0,5.0,45.2,60.1,75.3,50.2,135.1,35.1,545.8,6.2,9.3,552.0
173910000,17391,2408.0,368.5,319.2,393.3,555.1,506.6,265.3,2019.9,0.0,44.5,213.4,304.0,288.7,189.9,712.4,267.0,2351.8,56.2,109.7,2283.0
173940000,17394,905.0,143.2,108.9,169.6,174.9,174.3,134.2,803.1,4.8,24.2,62.9,77.3,96.6,154.5,276.2,106.6,891.1,13.9,19.9,840.0
173960000,17396,1744.0,320.5,273.2,330.8,354.9,286.9,177.7,1408.2,26.5,55.9,101.2,231.7,274.3,205.1,336.2,177.3,1719.5,24.5,36.5,1670.0
174070000,17407,4961.0,973.8,693.5,1055.8,1091.2,828.1,318.6,3975.2,24.7,198.6,460.7,771.1,714.1,309.7,1049.2,447.1,4873.3,87.7,115.2,4961.0
174130000,17413,1393.0,316.7,167.8,300.3,292.0,220.1,96.0,1087.3,0.0,85.6,130.6,211.1,151.0,85.6,293.0,130.5,1379.9,13.1,27.2,1393.0
174140000,17414,5384.0,892.1,662.2,980.8,1151.5,1060.5,636.9,4500.5,14.2,214.8,426.3,865.2,673.2,405.4,1453.9,447.6,5237.8,146.2,224.5,5313.9
174200000,17420,2350.0,378.2,289.0,403.6,512.2,539.1,228.0,1943.4,5.1,102.3,184.3,337.3,230.4,163.7,695.8,224.6,2324.1,25.9,41.5,2350.0
174340101,17434,2771.1,445.4,437.2,396.7,496.8,616.9,378.1,2292.4,0.0,65.2,144.6,297.8,317.8,185.0,859.7,422.4,2694.6,76.5,100.9,2592.1
174340102,17434,2120.0,298.6,297.3,294.9,445.5,491.6,292.1,1797.2,0.0,50.0,49.9,178.6,358.8,218.9,694.4,246.5,2084.0,36.0,61.8,2120.0
174340103,17434,1933.9,241.9,238.7,247.0,345.6,450.5,410.2,1674.6,9.9,34.7,74.8,154.5,263.0,195.1,678.5,264.1,1902.6,31.3,37.4,1765.9
174390000,17439,772.0,132.0,112.6,135.5,176.8,150.0,65.1,631.8,0.0,35.0,14.9,79.6,135.6,83.6,199.1,84.0,765.9,6.1,13.8,772.0
174430000,17443,1837.0,376.8,237.5,404.2,375.6,336.8,106.0,1470.5,5.4,117.1,132.6,280.1,233.2,217.0,333.3,151.8,1826.3,10.7,25.7,1837.0
174470000,17447,2052.0,436.0,292.0,450.5,442.5,327.9,103.0,1591.5,15.1,73.8,109.2,300.9,305.9,262.1,376.3,148.2,2030.3,21.7,36.3,2025.3
174570000,17457,1194.0,232.4,138.9,216.4,251.7,263.6,90.9,945.4,5.1,50.2,15.3,137.8,156.5,140.8,318.7,120.9,1171.1,22.9,23.6,1190.0
174660000,17466,2339.0,529.6,314.0,557.8,491.1,333.8,112.7,1854.7,15.3,107.6,138.4,399.4,342.7,246.3,392.3,212.7,2315.6,23.4,49.9,2339.0
174720000,17472,2316.0,603.1,304.1,637.9,410.9,272.1,87.9,1700.2,5.2,89.0,99.4,376.5,412.4,182.9,325.1,209.8,2287.0,29.0,58.2,2316.0
174800000,17480,747.0,151.2,125.1,167.4,173.5,102.3,27.5,581.3,0.0,48.5,30.4,109.8,109.0,105.3,121.4,56.9,741.2,5.8,10.6,747.0
174820000,17482,641.0,134.2,69.5,138.0,124.5,120.0,54.9,475.5,10.9,20.6,20.6,68.4,68.0,89.0,173.4,24.5,627.0,14.0,28.2,641.0
174830000,17483,1505.0,244.5,194.6,313.4,339.3,333.7,79.5,1268.8,35.4,125.9,106.1,176.4,181.2,125.9,372.4,145.4,1492.9,12.1,28.2,1492.0
851110000,85111,1508.0,262.2,220.0,250.4,297.4,324.6,153.5,1242.7,35.1,55.7,25.1,90.9,213.0,305.2,377.0,140.7,1475.0,33.0,44.1,1508.0
851320000,85132,752.0,134.1,68.4,139.8,149.5,149.2,111.1,629.5,5.1,20.3,15.3,81.4,96.5,106.7,232.9,71.3,739.0,13.0,15.0,732.0
