COMMUNE,nom_commune,jobs_1999,jobs_2007,jobs_2008,jobs_2009,jobs_2010,jobs_2011,jobs_2012,jobs_2013,jobs_2014,jobs_2015,jobs_2016,jobs_2017,jobs_2018,jobs_2019,jobs_2020,jobs_2021,jobs_2022,change_pct_1999_2022,change_pct_2012_2022
17003,Aigrefeuille-d'Aunis,1261.0,1608.5,1667.1,1704.6,1705.8,1623.0,1610.4,1614.8,1624.0,1637.4,1607.2,1672.1,1752.3,1765.9,1806.3,1869.4,1914.8,51.8,18.9
17007,Anais,45.0,40.6,43.3,46.7,51.9,49.2,42.8,42.2,39.3,37.1,35.8,22.3,22.2,22.1,23.3,21.4,22.5,-50.0,-47.4
17008,Andilly,276.0,385.6,389.6,384.1,387.3,372.8,368.1,370.9,325.4,333.6,330.7,303.0,314.3,317.3,356.3,360.4,401.3,45.4,9.0
17009,Angliers,45.0,63.9,68.3,70.5,66.0,71.0,78.0,87.0,89.8,104.3,103.3,98.3,97.4,100.9,116.0,109.8,128.8,186.2,65.1
17010,Angoulins,1246.0,1505.6,1511.1,1517.4,1526.5,1538.9,1482.9,1500.5,1515.7,1556.7,1597.0,1583.3,1583.1,1602.3,1646.7,1707.1,1739.0,39.6,17.3
17018,Ardillières,66.0,59.7,57.9,57.8,59.5,61.3,78.1,79.7,81.3,86.1,89.8,65.9,69.0,69.5,66.0,62.3,59.5,-9.8,-23.8
17028,Aytré,4744.0,6092.6,6230.7,6418.3,6632.8,6854.3,6847.8,6721.7,6555.2,6275.4,6162.7,6066.4,6120.4,6189.0,6330.4,6559.4,6781.4,42.9,-1.0
17032,Ballon,58.0,68.8,68.4,69.6,73.7,78.7,75.8,83.4,84.1,80.1,75.4,74.5,53.5,53.8,57.9,65.4,73.3,26.4,-3.3
17041,Benon,114.0,108.4,118.2,130.4,126.9,159.2,170.9,182.6,186.1,209.0,217.6,218.0,216.6,219.9,220.3,193.0,196.2,72.1,14.8
17057,Bouhet,94.0,124.9,141.3,138.0,140.3,142.6,144.2,140.0,145.4,141.4,164.2,156.1,155.7,156.6,165.6,167.1,184.6,96.4,28.0
17059,Bourgneuf,73.0,89.3,93.2,95.5,93.9,100.2,98.1,98.4,97.5,97.1,98.6,99.4,99.1,101.5,101.1,108.2,121.4,66.3,23.8
17063,Breuil-la-Réorte,61.0,55.3,56.1,47.0,48.3,55.7,56.3,59.4,56.4,54.8,52.1,57.3,58.0,57.9,42.6,45.3,43.3,-29.0,-23.1
17080,Chambon,217.0,268.5,273.6,280.5,273.5,255.5,253.6,248.3,240.0,233.3,204.6,162.3,153.6,155.2,163.8,177.0,230.6,6.3,-9.1
17091,Charron,334.0,403.9,412.7,439.4,455.3,408.1,395.6,386.2,368.7,361.1,354.2,355.4,322.8,324.6,351.1,349.9,366.8,9.8,-7.3
17094,Châtelaillon-Plage,1418.0,1606.7,1701.5,1720.3,1755.1,1769.4,1786.8,1754.1,1736.5,1693.2,1706.4,1738.6,1760.6,1776.7,1839.2,1824.4,1856.6,30.9,3.9
17107,Ciré-d'Aunis,161.0,200.5,204.6,199.8,186.3,196.1,195.2,200.7,208.7,197.9,197.6,192.6,198.1,204.4,218.1,185.4,183.0,13.7,-6.2
17109,Clavette,141.0,116.2,117.6,128.5,116.5,126.3,130.6,141.2,135.3,170.8,179.9,184.7,189.9,191.9,185.9,155.3,145.0,2.8,11.0
17127,Courçon,364.0,413.0,433.3,462.3,443.2,431.3,428.2,432.3,399.3,393.2,412.0,420.2,408.8,413.4,414.4,435.6,443.2,21.8,3.5
17132,Cram-Chaban,88.0,105.9,93.1,97.0,98.9,101.7,108.4,101.8,100.5,90.4,82.2,81.9,75.4,75.7,76.4,76.8,78.2,-11.1,-27.9
17136,Croix-Chapeau,86.0,104.3,102.8,105.7,107.8,119.2,119.3,121.2,123.6,138.1,127.7,125.1,129.0,130.9,123.7,93.8,101.3,17.8,-15.1
17142,Dompierre-sur-Mer,709.0,922.5,941.3,946.7,970.5,992.0,1028.9,1071.6,1079.1,1091.4,1108.3,1109.9,1140.6,1158.6,1251.2,1328.8,1467.2,106.9,42.6
17153,Esnandes,193.0,216.2,215.4,226.4,232.7,233.5,229.1,218.3,215.2,220.6,230.6,230.6,215.4,216.8,210.7,208.5,209.3,8.4,-8.6
17158,Ferrières,39.0,90.2,103.9,100.5,115.9,129.9,133.1,139.0,174.0,175.7,213.9,236.9,245.7,254.3,286.7,343.6,421.0,979.5,216.3
17166,Forges,124.0,152.7,155.9,158.4,157.9,171.2,167.6,170.8,170.4,179.1,158.3,164.1,166.8,167.7,165.8,167.5,188.7,52.2,12.6
17174,Genouillé,81.0,90.2,91.5,95.8,90.4,90.2,92.0,94.2,101.8,112.0,111.0,111.3,108.4,110.1,106.4,87.7,88.2,8.9,-4.1
17182,La Grève-sur-Mignon,50.0,39.0,42.6,43.1,46.8,45.8,53.0,62.4,73.2,70.0,74.5,76.2,73.1,72.9,63.2,61.9,63.1,26.2,19.1
17186,Le Gué-d'Alleré,56.0,82.2,81.6,84.5,81.4,88.2,95.5,100.2,102.7,110.2,115.9,101.6,102.1,103.6,114.9,109.1,106.4,90.0,11.4
17190,L'Houmeau,370.0,461.5,459.1,466.9,479.9,479.2,515.5,533.4,522.4,492.9,513.4,486.8,465.4,470.7,504.5,471.9,470.0,27.0,-8.8
17193,La Jarne,238.0,363.0,365.3,424.0,409.9,438.5,463.7,498.0,445.0,461.2,457.7,448.6,432.8,437.7,457.0,458.6,478.5,101.1,3.2
17194,La Jarrie,481.0,496.5,493.9,520.5,520.3,544.9,538.7,558.2,558.5,574.0,544.7,558.9,488.3,493.4,516.4,534.7,568.9,18.3,5.6
17200,Lagord,2141.0,2589.3,2704.6,2758.8,2817.2,2797.9,2866.2,2839.0,2814.8,2897.3,3001.3,3145.6,3370.9,3409.6,3623.2,3853.6,4045.0,88.9,41.1
17201,La Laigne,54.0,51.1,56.8,55.0,48.2,47.8,52.8,51.7,50.7,53.5,55.2,51.0,52.4,52.9,51.5,43.2,39.4,-27.0,-25.4
17203,Landrais,58.0,76.7,77.5,75.9,73.6,75.7,79.3,79.8,93.8,97.2,92.5,88.3,88.1,88.2,62.6,63.9,60.2,3.8,-24.1
17208,Longèves,56.0,73.6,72.4,74.2,76.9,78.9,79.8,79.1,69.3,71.5,71.2,77.9,77.7,80.7,80.5,83.1,81.3,45.2,1.9
17218,Marans,1816.0,1956.1,1952.0,1780.8,1754.7,1707.6,1712.1,1725.4,1777.4,1777.7,1803.3,1836.6,1849.8,1863.5,1799.8,1822.5,1859.4,2.4,8.6
17221,Marsais,119.0,89.1,97.4,99.8,110.2,118.6,115.1,109.1,105.2,93.1,73.9,75.3,77.2,77.2,82.0,84.8,97.2,-18.3,-15.6
17222,Marsilly,312.0,426.2,407.6,392.7,389.4,394.6,399.7,409.9,408.8,410.7,367.0,369.8,363.8,369.1,357.2,366.4,388.9,24.6,-2.7
17245,Montroy,50.0,80.5,82.2,80.4,85.6,78.5,81.8,81.4,85.6,76.4,59.5,55.6,49.1,49.6,51.5,58.7,75.0,50.0,-8.3
17264,Nieul-sur-Mer,719.0,811.7,844.3,880.5,880.9,901.4,922.6,897.0,889.0,985.4,968.6,968.6,962.7,979.8,984.6,935.9,982.5,36.6,6.5
17267,Nuaillé-d'Aunis,105.0,126.9,143.6,129.8,138.5,131.4,139.5,138.4,136.6,129.2,133.3,136.6,149.6,154.1,144.7,146.6,144.1,37.2,3.3
17274,Périgny,4021.0,6691.5,6750.7,6857.4,6977.4,7208.0,7261.5,7395.5,7281.4,7143.7,6901.9,6998.8,7207.6,7305.6,7613.3,7988.9,8477.2,110.8,16.7
17291,Puilboreau,2311.0,3277.5,3339.2,3431.1,3543.8,3610.4,3611.2,3576.0,3578.5,3549.4,3531.2,3473.4,3538.7,3595.1,3718.3,3915.8,4016.5,73.8,11.2
17293,Puyravault,40.0,57.6,59.1,58.5,59.1,58.0,67.1,69.2,73.4,72.8,76.4,68.2,69.1,69.9,66.3,66.7,64.9,62.3,-3.3
17300,La Rochelle,40363.0,45141.9,45097.1,45096.3,45034.6,44413.0,43989.1,43988.3,43951.9,44032.4,44969.1,45496.8,46555.5,47153.6,48315.0,49356.3,50380.0,24.8,14.5
17303,La Ronde,132.0,123.9,122.9,129.2,131.5,127.4,129.4,126.6,123.3,127.0,133.3,131.2,122.2,121.7,122.2,117.1,118.4,-10.3,-8.5
17315,Saint-Christophe,77.0,137.6,165.3,167.2,180.1,192.0,185.2,181.5,187.6,178.8,162.7,175.0,171.8,173.5,183.8,193.4,218.7,184.0,18.1
17321,Saint-Crépin,51.0,62.6,59.4,48.9,46.6,47.0,45.6,45.5,46.4,45.1,45.0,44.2,45.7,46.3,31.2,32.3,33.2,-34.9,-27.2
17322,Saint-Cyr-du-Doret,96.0,111.9,105.2,114.5,112.4,114.2,114.9,121.5,125.2,127.0,128.3,136.0,135.2,137.0,126.8,110.5,97.4,1.5,-15.2
17338,Saint-Georges-du-Bois,267.0,299.0,300.7,296.0,309.9,330.7,323.1,336.6,360.4,353.8,362.7,353.6,348.2,349.1,329.9,323.2,322.7,20.9,-0.1
17340,Saint-Pierre-la-Noue,199.0,219.4,243.4,285.3,295.6,286.7,283.6,224.8,262.1,261.5,267.5,266.9,255.2,254.5,255.1,259.9,259.0,30.2,-8.7
17349,Saint-Jean-de-Liversay,329.0,349.2,363.0,374.9,379.3,382.3,416.8,423.6,433.5,447.5,423.9,439.6,441.4,445.7,457.2,487.8,493.1,49.9,18.3
17359,Saint-Mard,131.0,128.0,129.9,133.1,122.1,121.4,126.2,131.4,135.1,126.1,128.2,123.6,122.3,122.2,130.3,97.7,102.9,-21.5,-18.5
17373,Saint-Médard-d'Aunis,120.0,150.5,196.5,220.9,264.3,335.2,376.6,385.8,413.8,445.1,445.4,457.5,462.7,469.7,493.3,521.7,535.9,346.6,42.3
17376,Saint-Ouen-d'Aunis,204.0,258.1,265.1,264.5,244.6,253.3,248.4,224.4,248.1,240.5,229.2,244.9,234.9,240.0,239.0,255.5,267.1,30.9,7.5
17382,Saint-Pierre-d'Amilly,202.0,178.7,191.9,185.7,197.8,201.8,213.7,205.3,200.4,194.1,171.1,155.8,167.5,167.8,174.6,172.8,168.6,-16.5,-21.1
17391,Saint-Rogatien,221.0,233.9,219.6,203.4,187.2,161.2,157.1,170.5,186.2,201.9,234.7,257.4,273.4,278.1,326.5,350.9,343.0,55.2,118.3
17394,Saint-Saturnin-du-Bois,91.0,118.1,118.9,118.7,127.5,124.9,125.2,135.4,139.5,135.5,136.3,145.5,137.2,137.2,151.6,159.9,166.3,82.7,32.8
17396,Saint-Sauveur-d'Aunis,292.0,329.6,337.6,350.1,349.3,395.0,412.6,406.8,412.6,434.5,393.8,393.8,412.3,416.2,439.6,473.7,541.7,85.5,31.3
17407,Sainte-Soulle,282.0,430.3,448.5,507.7,549.2,598.8,640.9,693.1,707.3,707.5,717.7,765.9,783.4,803.1,811.9,878.0,935.6,231.8,46.0
17413,Saint-Vivien,200.0,222.6,247.2,256.3,274.8,291.2,293.9,283.7,290.6,299.0,301.8,329.3,342.3,345.3,369.1,379.1,392.4,96.2,33.5
17414,Saint-Xandre,410.0,461.5,461.4,482.8,487.4,472.4,469.7,464.2,471.2,478.3,507.3,519.4,539.7,554.5,568.3,567.7,571.7,39.4,21.7
17420,Salles-sur-Mer,268.0,362.9,373.1,366.2,345.4,370.2,378.6,356.7,358.7,359.6,346.5,352.9,385.3,391.2,418.6,429.6,462.2,72.5,22.1
17434,Surgères,3143.0,3440.8,3468.7,3446.0,3531.4,3528.4,3395.4,3451.3,3543.3,3565.0,3673.5,3643.0,3617.3,3632.3,3725.1,3819.8,3864.1,22.9,13.8
17439,Taugon,109.0,69.4,74.6,77.7,80.4,74.0,63.2,61.7,60.1,57.6,62.1,54.3,53.2,53.3,52.1,51.2,51.2,-53.0,-19.0
17443,Thairé,122.0,136.2,138.2,140.1,142.2,140.6,146.1,144.2,151.5,152.7,158.1,148.3,156.9,158.3,163.4,167.2,176.4,44.6,20.7
17447,Le Thou,110.0,204.0,227.4,261.1,292.0,306.6,318.0,314.4,329.1,318.4,335.7,356.2,376.3,381.9,354.9,382.7,451.5,310.5,42.0
17457,La Devise,148.0,172.5,187.2,207.6,211.2,220.7,205.5,178.4,191.1,183.5,198.5,206.4,209.0,212.1,229.8,239.2,232.7,57.2,13.2
17466,Vérines,112.0,157.1,163.9,163.9,178.9,184.6,198.3,211.0,214.1,211.7,225.4,208.7,198.2,200.6,203.4,207.9,205.2,83.2,3.5
17472,Villedoux,104.0,123.9,131.8,133.7,163.8,150.7,171.0,190.2,202.8,199.5,193.0,194.5,203.6,206.6,210.8,219.3,229.8,121.0,34.4
17480,Virson,57.0,69.9,71.4,54.8,57.2,62.6,59.3,60.5,59.8,57.8,55.0,53.9,52.2,52.5,49.1,53.3,57.6,1.1,-2.9
17482,Vouhé,71.0,64.2,70.3,76.6,78.9,96.8,104.1,102.5,106.0,110.5,91.4,88.2,87.0,88.2,88.0,85.8,87.8,23.7,-15.7
17483,Yves,222.0,222.6,207.2,220.2,225.6,234.6,239.4,259.1,252.7,248.2,248.5,240.8,245.5,246.5,259.6,262.2,275.8,24.2,15.2
