COMMUNE,year,energy_type,sites,consumption_mwh,consumption_avg_mwh_per_site,population_2024,electric_heating_share_pct,residences_principales_2024,dpe_de_count_2024,dpe_fg_count_2024
17003,2011,electricity,1964,13574.6,6.91,4479,49.0,1874,1188,150
17003,2011,gas,401,5713.0,14.25,4479,49.0,1874,1188,150
17003,2012,electricity,2005,14938.0,7.45,4479,49.0,1874,1188,150
17003,2012,gas,402,6611.0,16.45,4479,49.0,1874,1188,150
17003,2013,electricity,2058,15613.0,7.59,4479,49.0,1874,1188,150
17003,2013,gas,404,6743.0,16.69,4479,49.0,1874,1188,150
17003,2014,electricity,2095,14171.1,6.76,4479,49.0,1874,1188,150
17003,2014,gas,409,5429.0,13.27,4479,49.0,1874,1188,150
17003,2015,electricity,2135,15092.9,7.07,4479,49.0,1874,1188,150
17003,2015,gas,417,5956.0,14.28,4479,49.0,1874,1188,150
17003,2016,electricity,2166,15643.7,7.22,4479,49.0,1874,1188,150
17003,2016,gas,417,6412.0,15.38,4479,49.0,1874,1188,150
17003,2017,electricity,2208,15421.1,6.98,4479,49.0,1874,1188,150
17003,2017,gas,419,6211.0,14.82,4479,49.0,1874,1188,150
17003,2018,electricity,2002,13180.7,6.58,4479,49.0,1874,1188,150
17003,2018,gas,404,5343.5,13.23,4479,49.0,1874,1188,150
17003,2019,electricity,2094,13168.8,6.29,4479,49.0,1874,1188,150
17003,2019,gas,407,5257.1,12.92,4479,49.0,1874,1188,150
17003,2020,electricity,2161,13743.6,6.36,4479,49.0,1874,1188,150
17003,2020,gas,407,5037.7,12.38,4479,49.0,1874,1188,150
17003,2021,electricity,2243,14766.8,6.58,4479,49.0,1874,1188,150
17003,2021,gas,406,5354.0,13.19,4479,49.0,1874,1188,150
17003,2022,electricity,2294,13650.5,5.95,4479,49.0,1874,1188,150
17003,2022,gas,397,4090.9,10.3,4479,49.0,1874,1188,150
17003,2023,electricity,2331,13399.3,5.75,4479,49.0,1874,1188,150
17003,2023,gas,390,3792.3,9.72,4479,49.0,1874,1188,150
17003,2024,electricity,2370,13249.1,5.59,4479,49.0,1874,1188,150
17003,2024,gas,372,3619.2,9.73,4479,49.0,1874,1188,150
17007,2011,electricity,175,1329.5,7.6,316,35.6,131,83,10
17007,2012,electricity,175,1383.5,7.91,316,35.6,131,83,10
17007,2013,electricity,174,1444.3,8.3,316,35.6,131,83,10
17007,2014,electricity,174,1311.2,7.54,316,35.6,131,83,10
17007,2015,electricity,174,1360.0,7.82,316,35.6,131,83,10
17007,2016,electricity,176,1371.1,7.79,316,35.6,131,83,10
17007,2017,electricity,177,1293.7,7.31,316,35.6,131,83,10
17007,2018,electricity,153,1247.8,8.16,316,35.6,131,83,10
17007,2019,electricity,155,1217.9,7.86,316,35.6,131,83,10
17007,2020,electricity,156,1198.5,7.68,316,35.6,131,83,10
17007,2021,electricity,156,1262.3,8.09,316,35.6,131,83,10
17007,2022,electricity,159,1153.1,7.25,316,35.6,131,83,10
17007,2023,electricity,158,1104.6,6.99,316,35.6,131,83,10
17007,2024,electricity,158,1050.1,6.65,316,35.6,131,83,10
17008,2011,electricity,962,7342.1,7.63,2312,47.5,941,552,79
17008,2011,gas,119,1561.0,13.12,2312,47.5,941,552,79
17008,2012,electricity,991,7834.4,7.91,2312,47.5,941,552,79
17008,2012,gas,123,1906.0,15.5,2312,47.5,941,552,79
17008,2013,electricity,1014,8261.2,8.15,2312,47.5,941,552,79
17008,2013,gas,128,2027.0,15.84,2312,47.5,941,552,79
17008,2014,electricity,1036,7676.8,7.41,2312,47.5,941,552,79
17008,2014,gas,132,1726.0,13.08,2312,47.5,941,552,79
17008,2015,electricity,1060,8004.9,7.55,2312,47.5,941,552,79
17008,2015,gas,132,1761.0,13.34,2312,47.5,941,552,79
17008,2016,electricity,1064,8332.5,7.83,2312,47.5,941,552,79
17008,2016,gas,132,1816.0,13.76,2312,47.5,941,552,79
17008,2017,electricity,1086,8050.3,7.41,2312,47.5,941,552,79
17008,2017,gas,134,1895.0,14.14,2312,47.5,941,552,79
17008,2018,electricity,989,7210.4,7.29,2312,47.5,941,552,79
17008,2018,gas,125,1533.5,12.27,2312,47.5,941,552,79
17008,2019,electricity,1004,7276.8,7.25,2312,47.5,941,552,79
17008,2019,gas,125,1508.7,12.07,2312,47.5,941,552,79
17008,2020,electricity,1014,7241.9,7.14,2312,47.5,941,552,79
17008,2020,gas,128,1425.9,11.14,2312,47.5,941,552,79
17008,2021,electricity,1018,7702.3,7.57,2312,47.5,941,552,79
17008,2021,gas,128,1604.4,12.53,2312,47.5,941,552,79
17008,2022,electricity,1028,6987.2,6.8,2312,47.5,941,552,79
17008,2022,gas,127,1272.2,10.02,2312,47.5,941,552,79
17008,2023,electricity,1056,6871.6,6.51,2312,47.5,941,552,79
17008,2023,gas,123,1170.0,9.51,2312,47.5,941,552,79
17008,2024,electricity,1148,6832.0,5.95,2312,47.5,941,552,79
17008,2024,gas,118,989.4,8.38,2312,47.5,941,552,79
17009,2011,electricity,332,2854.9,8.6,1285,55.2,447,212,29
17009,2012,electricity,351,3035.3,8.65,1285,55.2,447,212,29
17009,2013,electricity,376,3403.1,9.05,1285,55.2,447,212,29
17009,2014,electricity,391,3031.3,7.75,1285,55.2,447,212,29
17009,2015,electricity,421,3218.1,7.64,1285,55.2,447,212,29
17009,2016,electricity,444,3507.7,7.9,1285,55.2,447,212,29
17009,2017,electricity,466,3518.5,7.55,1285,55.2,447,212,29
17009,2018,electricity,446,3385.8,7.59,1285,55.2,447,212,29
17009,2019,electricity,474,3389.6,7.15,1285,55.2,447,212,29
17009,2020,electricity,514,3547.0,6.9,1285,55.2,447,212,29
17009,2021,electricity,537,4047.2,7.54,1285,55.2,447,212,29
17009,2022,electricity,557,3750.4,6.73,1285,55.2,447,212,29
17009,2023,electricity,564,3694.5,6.55,1285,55.2,447,212,29
17009,2024,electricity,566,3618.6,6.39,1285,55.2,447,212,29
17010,2011,electricity,2073,15600.2,7.53,4117,43.9,1906,1002,228
17010,2011,gas,675,9867.0,14.62,4117,43.9,1906,1002,228
17010,2012,electricity,2170,16763.3,7.73,4117,43.9,1906,1002,228
17010,2012,gas,700,11889.0,16.98,4117,43.9,1906,1002,228
17010,2013,electricity,2211,17281.0,7.82,4117,43.9,1906,1002,228
17010,2013,gas,715,12129.0,16.96,4117,43.9,1906,1002,228
17010,2014,electricity,2263,16030.0,7.08,4117,43.9,1906,1002,228
17010,2014,gas,747,10081.0,13.5,4117,43.9,1906,1002,228
17010,2015,electricity,2273,16583.0,7.3,4117,43.9,1906,1002,228
17010,2015,gas,757,10637.0,14.05,4117,43.9,1906,1002,228
17010,2016,electricity,2324,17022.4,7.32,4117,43.9,1906,1002,228
17010,2016,gas,760,10863.0,14.29,4117,43.9,1906,1002,228
17010,2017,electricity,2339,16683.7,7.13,4117,43.9,1906,1002,228
17010,2017,gas,761,10325.0,13.57,4117,43.9,1906,1002,228
17010,2018,electricity,2125,13240.3,6.23,4117,43.9,1906,1002,228
17010,2018,gas,747,8492.6,11.37,4117,43.9,1906,1002,228
17010,2019,electricity,2151,12970.7,6.03,4117,43.9,1906,1002,228
17010,2019,gas,753,8395.4,11.15,4117,43.9,1906,1002,228
17010,2020,electricity,2208,12957.7,5.87,4117,43.9,1906,1002,228
17010,2020,gas,788,7987.5,10.14,4117,43.9,1906,1002,228
17010,2021,electricity,2249,13920.1,6.19,4117,43.9,1906,1002,228
17010,2021,gas,797,8938.8,11.22,4117,43.9,1906,1002,228
17010,2022,electricity,2247,12647.8,5.63,4117,43.9,1906,1002,228
17010,2022,gas,786,6962.1,8.86,4117,43.9,1906,1002,228
17010,2023,electricity,2297,12205.9,5.31,4117,43.9,1906,1002,228
17010,2023,gas,797,6508.8,8.17,4117,43.9,1906,1002,228
17010,2024,electricity,2399,12231.8,5.1,4117,43.9,1906,1002,228
17010,2024,gas,844,6456.7,7.65,4117,43.9,1906,1002,228
17018,2011,electricity,384,2806.2,7.31,865,41.2,324,185,31
17018,2012,electricity,390,3039.2,7.79,865,41.2,324,185,31
17018,2013,electricity,394,3199.0,8.12,865,41.2,324,185,31
17018,2014,electricity,396,2922.6,7.38,865,41.2,324,185,31
17018,2015,electricity,404,2952.7,7.31,865,41.2,324,185,31
17018,2016,electricity,407,3031.0,7.45,865,41.2,324,185,31
17018,2017,electricity,405,2966.5,7.32,865,41.2,324,185,31
17018,2018,electricity,372,2741.5,7.37,865,41.2,324,185,31
17018,2019,electricity,376,2765.1,7.35,865,41.2,324,185,31
17018,2020,electricity,378,2787.2,7.37,865,41.2,324,185,31
17018,2021,electricity,387,2975.2,7.69,865,41.2,324,185,31
17018,2022,electricity,406,2674.1,6.59,865,41.2,324,185,31
17018,2023,electricity,414,2691.5,6.5,865,41.2,324,185,31
17018,2024,electricity,420,2686.5,6.4,865,41.2,324,185,31
17028,2011,electricity,5468,31544.5,5.77,9578.000000000004,39.9,4925,2764,276
17028,2011,gas,2127,28006.0,13.17,9578.000000000004,37.7,4925,2764,276
17028,2012,electricity,5488,33040.7,6.02,9578.000000000004,40.0,4925,2764,276
17028,2012,gas,2127,32603.0,15.33,9578.000000000004,37.7,4925,2764,276
17028,2013,electricity,5519,33613.6,6.09,9578.000000000004,40.1,4925,2764,276
17028,2013,gas,2086,32880.0,15.76,9578.000000000004,38.2,4925,2764,276
17028,2014,electricity,5548,30344.2,5.47,9578.000000000004,40.3,4925,2764,276
17028,2014,gas,2061,26515.0,12.87,9578.000000000004,38.3,4925,2764,276
17028,2015,electricity,5677,31342.2,5.52,9578.000000000004,40.2,4925,2764,276
17028,2015,gas,2177,27480.0,12.62,9578.000000000004,38.7,4925,2764,276
17028,2016,electricity,5802,32698.8,5.64,9578.000000000004,40.5,4925,2764,276
17028,2016,gas,2148,28292.0,13.17,9578.000000000004,39.1,4925,2764,276
17028,2017,electricity,6119,31645.5,5.17,9578.000000000004,40.4,4925,2764,276
17028,2017,gas,2279,27953.0,12.27,9578.000000000004,39.6,4925,2764,276
17028,2018,electricity,5329,23602.4,4.43,9578.000000000004,40.9,4925,2764,276
17028,2018,gas,2087,19797.6,9.49,9578.000000000004,39.8,4925,2764,276
17028,2019,electricity,5491,23334.8,4.25,9578.000000000004,40.9,4925,2764,276
17028,2019,gas,2282,19494.2,8.54,9578.000000000004,40.2,4925,2764,276
17028,2020,electricity,5622,23638.3,4.2,9578.000000000004,40.9,4925,2764,276
17028,2020,gas,2372,19341.7,8.15,9578.000000000004,40.2,4925,2764,276
17028,2021,electricity,5691,24942.1,4.38,9578.000000000004,40.9,4925,2764,276
17028,2021,gas,2407,21313.5,8.85,9578.000000000004,40.5,4925,2764,276
17028,2022,electricity,5706,22568.8,3.96,9578.000000000004,40.9,4925,2764,276
17028,2022,gas,2397,16895.9,7.05,9578.000000000004,40.6,4925,2764,276
17028,2023,electricity,5815,21942.5,3.77,9578.000000000004,41.0,4925,2764,276
17028,2023,gas,2473,16018.6,6.48,9578.000000000004,40.9,4925,2764,276
17028,2024,electricity,5835,21644.7,3.71,9578.000000000004,41.0,4925,2764,276
17028,2024,gas,2298,15311.7,6.66,9578.000000000004,42.1,4925,2764,276
17032,2011,electricity,368,2729.6,7.42,821,42.8,334,228,23
17032,2012,electricity,383,2966.8,7.75,821,42.8,334,228,23
17032,2013,electricity,386,3136.0,8.12,821,42.8,334,228,23
17032,2014,electricity,390,2792.2,7.16,821,42.8,334,228,23
17032,2015,electricity,393,2957.4,7.53,821,42.8,334,228,23
17032,2016,electricity,395,2967.6,7.51,821,42.8,334,228,23
17032,2017,electricity,400,2890.0,7.23,821,42.8,334,228,23
17032,2018,electricity,376,2641.1,7.02,821,42.8,334,228,23
17032,2019,electricity,381,2664.7,6.99,821,42.8,334,228,23
17032,2020,electricity,386,2766.7,7.17,821,42.8,334,228,23
17032,2021,electricity,391,3000.3,7.67,821,42.8,334,228,23
17032,2022,electricity,405,2619.6,6.47,821,42.8,334,228,23
17032,2023,electricity,429,2554.3,5.95,821,42.8,334,228,23
17032,2024,electricity,422,2575.1,6.1,821,42.8,334,228,23
17041,2011,electricity,603,4474.3,7.42,1763,47.9,625,319,59
17041,2012,electricity,627,5057.3,8.07,1763,47.9,625,319,59
17041,2013,electricity,639,5340.8,8.36,1763,47.9,625,319,59
17041,2014,electricity,662,4714.4,7.12,1763,47.9,625,319,59
17041,2015,electricity,677,5115.7,7.56,1763,47.9,625,319,59
17041,2016,electricity,695,5352.9,7.7,1763,47.9,625,319,59
17041,2017,electricity,718,5371.9,7.48,1763,47.9,625,319,59
17041,2018,electricity,682,4993.3,7.32,1763,47.9,625,319,59
17041,2019,electricity,698,5047.4,7.23,1763,47.9,625,319,59
17041,2020,electricity,706,5181.5,7.34,1763,47.9,625,319,59
17041,2021,electricity,728,5626.0,7.73,1763,47.9,625,319,59
17041,2022,electricity,743,5071.6,6.83,1763,47.9,625,319,59
17041,2023,electricity,756,4903.9,6.49,1763,47.9,625,319,59
17041,2024,electricity,767,4886.6,6.37,1763,47.9,625,319,59
17057,2011,electricity,318,2301.8,7.24,916,47.5,326,179,37
17057,2012,electricity,322,2510.0,7.79,916,47.5,326,179,37
17057,2013,electricity,333,2682.3,8.05,916,47.5,326,179,37
17057,2014,electricity,340,2487.1,7.31,916,47.5,326,179,37
17057,2015,electricity,347,2620.4,7.55,916,47.5,326,179,37
17057,2016,electricity,349,2719.5,7.79,916,47.5,326,179,37
17057,2017,electricity,353,2661.2,7.54,916,47.5,326,179,37
17057,2018,electricity,324,2490.5,7.69,916,47.5,326,179,37
17057,2019,electricity,327,2428.6,7.43,916,47.5,326,179,37
17057,2020,electricity,327,2404.8,7.35,916,47.5,326,179,37
17057,2021,electricity,336,2618.9,7.79,916,47.5,326,179,37
17057,2022,electricity,340,2394.7,7.04,916,47.5,326,179,37
17057,2023,electricity,342,2291.2,6.7,916,47.5,326,179,37
17057,2024,electricity,351,2236.5,6.37,916,47.5,326,179,37
17059,2011,electricity,522,4374.1,8.38,1418,49.7,556,262,48
17059,2011,gas,55,768.0,13.96,1418,49.7,556,262,48
17059,2012,electricity,543,4725.4,8.7,1418,49.7,556,262,48
17059,2012,gas,62,1029.0,16.6,1418,49.7,556,262,48
17059,2013,electricity,564,5019.1,8.9,1418,49.7,556,262,48
17059,2013,gas,64,1089.0,17.02,1418,49.7,556,262,48
17059,2014,electricity,588,4716.3,8.02,1418,49.7,556,262,48
17059,2014,gas,65,883.0,13.58,1418,49.7,556,262,48
17059,2015,electricity,604,4978.7,8.24,1418,49.7,556,262,48
17059,2015,gas,68,989.0,14.54,1418,49.7,556,262,48
17059,2016,electricity,621,5197.9,8.37,1418,49.7,556,262,48
17059,2016,gas,74,1038.0,14.03,1418,49.7,556,262,48
17059,2017,electricity,638,5118.3,8.02,1418,49.7,556,262,48
17059,2017,gas,76,1030.0,13.55,1418,49.7,556,262,48
17059,2018,electricity,603,4794.2,7.95,1418,49.7,556,262,48
17059,2018,gas,74,843.3,11.4,1418,49.7,556,262,48
17059,2019,electricity,611,4873.6,7.98,1418,49.7,556,262,48
17059,2019,gas,76,901.8,11.87,1418,49.7,556,262,48
17059,2020,electricity,624,4926.4,7.89,1418,49.7,556,262,48
17059,2020,gas,77,873.8,11.35,1418,49.7,556,262,48
17059,2021,electricity,639,5251.6,8.22,1418,49.7,556,262,48
17059,2021,gas,78,1026.6,13.16,1418,49.7,556,262,48
17059,2022,electricity,647,4918.3,7.6,1418,49.7,556,262,48
17059,2022,gas,77,829.0,10.77,1418,49.7,556,262,48
17059,2023,electricity,660,4692.5,7.11,1418,49.7,556,262,48
17059,2023,gas,77,774.5,10.06,1418,49.7,556,262,48
17059,2024,electricity,675,4630.6,6.86,1418,49.7,556,262,48
17059,2024,gas,76,754.0,9.92,1418,49.7,556,262,48
17063,2011,electricity,227,1744.3,7.68,466,39.4,187,117,14
17063,2012,electricity,227,1833.2,8.08,466,39.4,187,117,14
17063,2013,electricity,231,1949.5,8.44,466,39.4,187,117,14
17063,2014,electricity,233,1760.8,7.56,466,39.4,187,117,14
17063,2015,electricity,235,1829.7,7.79,466,39.4,187,117,14
17063,2016,electricity,239,1908.0,7.98,466,39.4,187,117,14
17063,2017,electricity,238,1826.3,7.67,466,39.4,187,117,14
17063,2018,electricity,205,1487.2,7.25,466,39.4,187,117,14
17063,2019,electricity,206,1513.0,7.34,466,39.4,187,117,14
17063,2020,electricity,212,1496.1,7.06,466,39.4,187,117,14
17063,2021,electricity,222,1581.5,7.12,466,39.4,187,117,14
17063,2022,electricity,221,1452.5,6.57,466,39.4,187,117,14
17063,2023,electricity,222,1438.9,6.48,466,39.4,187,117,14
17063,2024,electricity,223,1375.2,6.17,466,39.4,187,117,14
17080,2011,electricity,435,3262.5,7.5,988,41.2,391,191,72
17080,2012,electricity,440,3469.3,7.88,988,41.2,391,191,72
17080,2013,electricity,447,3627.8,8.12,988,41.2,391,191,72
17080,2014,electricity,450,3329.3,7.4,988,41.2,391,191,72
17080,2015,electricity,458,3497.8,7.64,988,41.2,391,191,72
17080,2016,electricity,459,3574.6,7.79,988,41.2,391,191,72
17080,2017,electricity,464,3467.9,7.47,988,41.2,391,191,72
17080,2018,electricity,420,3211.2,7.65,988,41.2,391,191,72
17080,2019,electricity,427,3171.1,7.43,988,41.2,391,191,72
17080,2020,electricity,428,3193.0,7.46,988,41.2,391,191,72
17080,2021,electricity,435,3403.9,7.82,988,41.2,391,191,72
17080,2022,electricity,444,3053.7,6.88,988,41.2,391,191,72
17080,2023,electricity,454,3026.4,6.67,988,41.2,391,191,72
17080,2024,electricity,454,2985.8,6.58,988,41.2,391,191,72
17091,2011,electricity,938,7202.5,7.68,2002,52.4,833,528,69
17091,2012,electricity,950,7621.0,8.02,2002,52.4,833,528,69
17091,2013,electricity,986,8401.1,8.52,2002,52.4,833,528,69
17091,2014,electricity,997,7737.2,7.76,2002,52.4,833,528,69
17091,2015,electricity,998,7950.5,7.97,2002,52.4,833,528,69
17091,2016,electricity,1012,8674.2,8.57,2002,52.4,833,528,69
17091,2017,electricity,1034,8195.9,7.93,2002,52.4,833,528,69
17091,2018,electricity,893,6916.6,7.75,2002,52.4,833,528,69
17091,2019,electricity,919,6960.7,7.57,2002,52.4,833,528,69
17091,2020,electricity,924,6854.9,7.42,2002,52.4,833,528,69
17091,2021,electricity,939,7206.8,7.67,2002,52.4,833,528,69
17091,2022,electricity,952,6600.6,6.93,2002,52.4,833,528,69
17091,2023,electricity,1022,6410.4,6.27,2002,52.4,833,528,69
17091,2024,electricity,1066,6479.8,6.08,2002,52.4,833,528,69
17094,2011,electricity,5055,26379.9,5.22,6227,44.0,3031,1790,375
17094,2011,gas,1795,23563.0,13.13,6227,43.7,3031,1790,375
17094,2012,electricity,5111,28328.2,5.54,6227,44.0,3031,1790,375
17094,2012,gas,1797,27364.0,15.23,6227,43.7,3031,1790,375
17094,2013,electricity,5246,29078.3,5.54,6227,43.9,3031,1790,375
17094,2013,gas,1871,28037.0,14.99,6227,43.3,3031,1790,375
17094,2014,electricity,5300,26144.2,4.93,6227,43.8,3031,1790,375
17094,2014,gas,1880,22721.0,12.09,6227,43.3,3031,1790,375
17094,2015,electricity,5337,27313.0,5.12,6227,43.7,3031,1790,375
17094,2015,gas,1932,24371.0,12.61,6227,43.1,3031,1790,375
17094,2016,electricity,5417,27951.0,5.16,6227,43.8,3031,1790,375
17094,2016,gas,1931,25000.0,12.95,6227,43.1,3031,1790,375
17094,2017,electricity,5450,27722.0,5.09,6227,43.9,3031,1790,375
17094,2017,gas,1930,24044.0,12.46,6227,43.1,3031,1790,375
17094,2018,electricity,5066,23344.2,4.61,6227,43.8,3031,1790,375
17094,2018,gas,1867,20173.4,10.81,6227,43.0,3031,1790,375
17094,2019,electricity,5124,22884.4,4.47,6227,43.9,3031,1790,375
17094,2019,gas,1935,19777.0,10.22,6227,42.6,3031,1790,375
17094,2020,electricity,5171,23128.3,4.47,6227,43.9,3031,1790,375
17094,2020,gas,1954,18656.9,9.55,6227,42.5,3031,1790,375
17094,2021,electricity,5372,25590.3,4.76,6227,43.1,3031,1790,375
17094,2021,gas,2031,21158.2,10.42,6227,42.1,3031,1790,375
17094,2022,electricity,5503,23192.6,4.21,6227,43.0,3031,1790,375
17094,2022,gas,2154,17054.0,7.92,6227,41.9,3031,1790,375
17094,2023,electricity,5634,22757.7,4.04,6227,42.9,3031,1790,375
17094,2023,gas,2196,16163.1,7.36,6227,41.6,3031,1790,375
17094,2024,electricity,5704,22739.5,3.99,6227,42.8,3031,1790,375
17094,2024,gas,2150,15762.0,7.33,6227,41.6,3031,1790,375
17107,2011,electricity,574,4218.9,7.35,1538,54.8,637,378,52
17107,2012,electricity,616,4632.8,7.52,1538,54.8,637,378,52
17107,2013,electricity,634,5092.8,8.03,1538,54.8,637,378,52
17107,2014,electricity,657,4478.9,6.82,1538,54.8,637,378,52
17107,2015,electricity,661,4797.9,7.26,1538,54.8,637,378,52
17107,2016,electricity,673,4949.8,7.35,1538,54.8,637,378,52
17107,2017,electricity,690,4810.4,6.97,1538,54.8,637,378,52
17107,2018,electricity,663,4402.2,6.64,1538,54.8,637,378,52
17107,2019,electricity,681,4513.1,6.63,1538,54.8,637,378,52
17107,2020,electricity,688,4521.0,6.57,1538,54.8,637,378,52
17107,2021,electricity,697,4907.0,7.04,1538,54.8,637,378,52
17107,2022,electricity,709,4447.5,6.27,1538,54.8,637,378,52
17107,2023,electricity,731,4349.1,5.95,1538,54.8,637,378,52
17107,2024,electricity,743,4288.5,5.77,1538,54.8,637,378,52
17109,2011,electricity,554,4545.1,8.2,1441,60.6,594,387,40
17109,2011,gas,27,510.0,18.89,1441,60.6,594,387,40
17109,2012,electricity,573,4947.3,8.63,1441,60.6,594,387,40
17109,2012,gas,26,538.0,20.69,1441,60.6,594,387,40
17109,2013,electricity,591,5181.6,8.77,1441,60.6,594,387,40
17109,2013,gas,26,560.0,21.54,1441,60.6,594,387,40
17109,2014,electricity,607,4733.1,7.8,1441,60.6,594,387,40
17109,2014,gas,34,503.0,14.79,1441,60.6,594,387,40
17109,2015,electricity,613,4937.8,8.06,1441,60.6,594,387,40
17109,2015,gas,35,534.0,15.26,1441,60.6,594,387,40
17109,2016,electricity,631,5047.1,8.0,1441,60.6,594,387,40
17109,2016,gas,36,546.0,15.17,1441,60.6,594,387,40
17109,2017,electricity,650,4962.0,7.63,1441,60.6,594,387,40
17109,2017,gas,44,552.0,12.55,1441,60.6,594,387,40
17109,2018,electricity,611,4720.9,7.73,1441,60.6,594,387,40
17109,2018,gas,43,464.3,10.8,1441,60.6,594,387,40
17109,2019,electricity,624,4756.1,7.62,1441,60.6,594,387,40
17109,2019,gas,45,477.5,10.61,1441,60.6,594,387,40
17109,2020,electricity,633,4784.9,7.56,1441,60.6,594,387,40
17109,2020,gas,45,465.9,10.35,1441,60.6,594,387,40
17109,2021,electricity,645,5134.0,7.96,1441,60.6,594,387,40
17109,2021,gas,45,483.2,10.74,1441,60.6,594,387,40
17109,2022,electricity,654,4652.4,7.11,1441,60.6,594,387,40
17109,2022,gas,44,394.6,8.97,1441,60.6,594,387,40
17109,2023,electricity,664,4421.0,6.66,1441,60.6,594,387,40
17109,2023,gas,42,361.8,8.61,1441,60.6,594,387,40
17109,2024,electricity,663,4324.6,6.52,1441,60.6,594,387,40
17109,2024,gas,39,347.6,8.91,1441,60.6,594,387,40
17127,2011,electricity,981,6538.5,6.67,1980,59.0,832,511,45
17127,2012,electricity,1015,7388.9,7.28,1980,59.0,832,511,45
17127,2013,electricity,992,7685.5,7.75,1980,59.0,832,511,45
17127,2014,electricity,1009,6661.2,6.6,1980,59.0,832,511,45
17127,2015,electricity,1013,7078.6,6.99,1980,59.0,832,511,45
17127,2016,electricity,1042,7335.9,7.04,1980,59.0,832,511,45
17127,2017,electricity,1065,7256.4,6.81,1980,59.0,832,511,45
17127,2018,electricity,953,6374.0,6.69,1980,59.0,832,511,45
17127,2019,electricity,972,6399.4,6.58,1980,59.0,832,511,45
17127,2020,electricity,993,6575.8,6.62,1980,59.0,832,511,45
17127,2021,electricity,1008,7047.9,6.99,1980,59.0,832,511,45
17127,2022,electricity,1019,6379.6,6.26,1980,59.0,832,511,45
17127,2023,electricity,1070,6273.1,5.86,1980,59.0,832,511,45
17127,2024,electricity,1101,6457.0,5.86,1980,59.0,832,511,45
17132,2011,electricity,337,2186.0,6.49,648,35.7,268,156,24
17132,2012,electricity,336,2481.3,7.38,648,35.7,268,156,24
17132,2013,electricity,338,2572.7,7.61,648,35.7,268,156,24
17132,2014,electricity,342,2221.3,6.5,648,35.7,268,156,24
17132,2015,electricity,341,2363.8,6.93,648,35.7,268,156,24
17132,2016,electricity,345,2401.7,6.96,648,35.7,268,156,24
17132,2017,electricity,350,2328.1,6.65,648,35.7,268,156,24
17132,2018,electricity,308,2098.1,6.81,648,35.7,268,156,24
17132,2019,electricity,305,2111.9,6.92,648,35.7,268,156,24
17132,2020,electricity,308,2140.3,6.95,648,35.7,268,156,24
17132,2021,electricity,314,2335.7,7.44,648,35.7,268,156,24
17132,2022,electricity,317,2093.4,6.6,648,35.7,268,156,24
17132,2023,electricity,329,2040.6,6.2,648,35.7,268,156,24
17132,2024,electricity,317,1916.7,6.05,648,35.7,268,156,24
17136,2011,electricity,670,5418.9,8.09,1337,53.9,553,339,73
17136,2012,electricity,686,5889.1,8.58,1337,53.9,553,339,73
17136,2013,electricity,691,6154.1,8.91,1337,53.9,553,339,73
17136,2014,electricity,698,5506.3,7.89,1337,53.9,553,339,73
17136,2015,electricity,715,5747.4,8.04,1337,53.9,553,339,73
17136,2016,electricity,728,5921.0,8.13,1337,53.9,553,339,73
17136,2017,electricity,815,6337.8,7.78,1337,53.9,553,339,73
17136,2018,electricity,707,5368.6,7.59,1337,53.9,553,339,73
17136,2019,electricity,797,5986.3,7.51,1337,53.9,553,339,73
17136,2020,electricity,806,6000.2,7.44,1337,53.9,553,339,73
17136,2021,electricity,677,5197.9,7.68,1337,53.9,553,339,73
17136,2022,electricity,696,4826.6,6.93,1337,53.9,553,339,73
17136,2023,electricity,701,4719.2,6.73,1337,53.9,553,339,73
17136,2024,electricity,704,4637.3,6.59,1337,53.9,553,339,73
17142,2011,electricity,2516,17997.1,7.15,5961,41.8,2519,1344,251
17142,2011,gas,861,11047.0,12.83,5961,41.8,2519,1344,251
17142,2012,electricity,2569,19276.0,7.5,5961,41.8,2519,1344,251
17142,2012,gas,877,13436.0,15.32,5961,41.8,2519,1344,251
17142,2013,electricity,2585,19870.0,7.69,5961,41.8,2519,1344,251
17142,2013,gas,882,13456.0,15.26,5961,41.8,2519,1344,251
17142,2014,electricity,2633,18129.6,6.89,5961,41.8,2519,1344,251
17142,2014,gas,896,11122.0,12.41,5961,41.8,2519,1344,251
17142,2015,electricity,2680,18821.9,7.02,5961,41.8,2519,1344,251
17142,2015,gas,908,11844.0,13.04,5961,41.8,2519,1344,251
17142,2016,electricity,2710,19429.4,7.17,5961,41.8,2519,1344,251
17142,2016,gas,914,12446.0,13.62,5961,41.8,2519,1344,251
17142,2017,electricity,2803,19194.5,6.85,5961,41.8,2519,1344,251
17142,2017,gas,942,12267.0,13.02,5961,41.8,2519,1344,251
17142,2018,electricity,2647,17721.4,6.69,5961,41.8,2519,1344,251
17142,2018,gas,930,10977.6,11.8,5961,41.8,2519,1344,251
17142,2019,electricity,2741,17522.3,6.39,5961,41.8,2519,1344,251
17142,2019,gas,967,11041.7,11.42,5961,41.8,2519,1344,251
17142,2020,electricity,2819,18048.8,6.4,5961,41.8,2519,1344,251
17142,2020,gas,971,10436.6,10.75,5961,41.8,2519,1344,251
17142,2021,electricity,2877,19487.0,6.77,5961,41.8,2519,1344,251
17142,2021,gas,1000,11696.1,11.7,5961,41.8,2519,1344,251
17142,2022,electricity,3018,17818.7,5.9,5961,41.8,2519,1344,251
17142,2022,gas,1028,9310.7,9.06,5961,41.8,2519,1344,251
17142,2023,electricity,3145,17832.2,5.67,5961,41.8,2519,1344,251
17142,2023,gas,1051,8909.1,8.48,5961,41.8,2519,1344,251
17142,2024,electricity,3232,18012.2,5.57,5961,41.8,2519,1344,251
17142,2024,gas,1097,8912.8,8.12,5961,41.8,2519,1344,251
17153,2011,electricity,961,7057.8,7.34,2103,44.8,911,453,60
17153,2011,gas,267,3660.0,13.71,2103,44.8,911,453,60
17153,2012,electricity,970,7298.1,7.52,2103,44.8,911,453,60
17153,2012,gas,273,4315.0,15.81,2103,44.8,911,453,60
17153,2013,electricity,999,7466.1,7.47,2103,44.8,911,453,60
17153,2013,gas,298,4582.0,15.38,2103,44.8,911,453,60
17153,2014,electricity,1001,6812.6,6.81,2103,44.8,911,453,60
17153,2014,gas,299,3815.0,12.76,2103,44.8,911,453,60
17153,2015,electricity,1007,7042.6,6.99,2103,44.8,911,453,60
17153,2015,gas,298,4035.0,13.54,2103,44.8,911,453,60
17153,2016,electricity,1031,7416.8,7.19,2103,44.8,911,453,60
17153,2016,gas,297,4159.0,14.0,2103,44.8,911,453,60
17153,2017,electricity,1043,6939.9,6.65,2103,44.8,911,453,60
17153,2017,gas,298,3936.0,13.21,2103,44.8,911,453,60
17153,2018,electricity,971,6307.6,6.5,2103,44.8,911,453,60
17153,2018,gas,295,3279.5,11.12,2103,44.8,911,453,60
17153,2019,electricity,998,6217.2,6.23,2103,44.8,911,453,60
17153,2019,gas,315,3310.9,10.51,2103,44.8,911,453,60
17153,2020,electricity,1023,6293.3,6.15,2103,44.8,911,453,60
17153,2020,gas,315,3251.9,10.32,2103,44.8,911,453,60
17153,2021,electricity,1067,6755.2,6.33,2103,44.8,911,453,60
17153,2021,gas,311,3506.2,11.27,2103,44.8,911,453,60
17153,2022,electricity,1119,6329.1,5.66,2103,44.8,911,453,60
17153,2022,gas,310,2744.4,8.85,2103,44.8,911,453,60
17153,2023,electricity,1128,6366.2,5.64,2103,44.8,911,453,60
17153,2023,gas,306,2572.8,8.41,2103,44.8,911,453,60
17153,2024,electricity,1154,6381.1,5.53,2103,44.8,911,453,60
17153,2024,gas,299,2503.4,8.37,2103,44.8,911,453,60
17158,2011,electricity,363,2806.7,7.73,1345,53.0,472,220,69
17158,2012,electricity,390,3145.5,8.07,1345,53.0,472,220,69
17158,2013,electricity,404,3391.5,8.39,1345,53.0,472,220,69
17158,2014,electricity,432,3192.8,7.39,1345,53.0,472,220,69
17158,2015,electricity,436,3434.4,7.88,1345,53.0,472,220,69
17158,2016,electricity,451,3752.8,8.32,1345,53.0,472,220,69
17158,2017,electricity,482,3771.2,7.82,1345,53.0,472,220,69
17158,2018,electricity,451,3271.4,7.25,1345,53.0,472,220,69
17158,2019,electricity,508,3459.3,6.81,1345,53.0,472,220,69
17158,2020,electricity,574,3736.2,6.51,1345,53.0,472,220,69
17158,2021,electricity,667,4396.1,6.59,1345,53.0,472,220,69
17158,2022,electricity,716,4365.2,6.1,1345,53.0,472,220,69
17158,2023,electricity,779,4447.4,5.71,1345,53.0,472,220,69
17158,2024,electricity,832,4626.1,5.56,1345,53.0,472,220,69
17166,2011,electricity,581,4515.8,7.77,1328,49.3,520,315,61
17166,2012,electricity,590,4703.6,7.97,1328,49.3,520,315,61
17166,2013,electricity,599,4834.8,8.07,1328,49.3,520,315,61
17166,2014,electricity,607,4300.9,7.09,1328,49.3,520,315,61
17166,2015,electricity,610,4545.2,7.45,1328,49.3,520,315,61
17166,2016,electricity,624,4742.4,7.6,1328,49.3,520,315,61
17166,2017,electricity,623,4784.7,7.68,1328,49.3,520,315,61
17166,2018,electricity,570,4390.2,7.7,1328,49.3,520,315,61
17166,2019,electricity,575,4371.2,7.6,1328,49.3,520,315,61
17166,2020,electricity,579,4307.4,7.44,1328,49.3,520,315,61
17166,2021,electricity,582,4595.4,7.9,1328,49.3,520,315,61
17166,2022,electricity,586,4072.5,6.95,1328,49.3,520,315,61
17166,2023,electricity,607,3992.6,6.58,1328,49.3,520,315,61
17166,2024,electricity,625,4013.9,6.42,1328,49.3,520,315,61
17174,2011,electricity,431,2822.4,6.55,905,37.5,362,203,88
17174,2012,electricity,436,3021.1,6.93,905,37.5,362,203,88
17174,2013,electricity,435,3112.4,7.16,905,37.5,362,203,88
17174,2014,electricity,445,2789.4,6.27,905,37.5,362,203,88
17174,2015,electricity,455,2915.4,6.41,905,37.5,362,203,88
17174,2016,electricity,458,3057.0,6.67,905,37.5,362,203,88
17174,2017,electricity,460,3016.9,6.56,905,37.5,362,203,88
17174,2018,electricity,399,2721.8,6.82,905,37.5,362,203,88
17174,2019,electricity,403,2782.8,6.91,905,37.5,362,203,88
17174,2020,electricity,413,2876.8,6.97,905,37.5,362,203,88
17174,2021,electricity,416,2994.3,7.2,905,37.5,362,203,88
17174,2022,electricity,424,2690.7,6.35,905,37.5,362,203,88
17174,2023,electricity,425,2626.7,6.18,905,37.5,362,203,88
17174,2024,electricity,425,2583.2,6.08,905,37.5,362,203,88
17182,2011,electricity,270,1948.9,7.22,559,42.2,227,145,44
17182,2012,electricity,271,1957.7,7.22,559,42.2,227,145,44
17182,2013,electricity,276,2076.5,7.52,559,42.2,227,145,44
17182,2014,electricity,279,1792.4,6.42,559,42.2,227,145,44
17182,2015,electricity,NA,,,559,,227,145,44
17182,2016,electricity,NA,,,559,,227,145,44
17182,2017,electricity,NA,,,559,,227,145,44
17182,2018,electricity,NA,,,559,,227,145,44
17182,2019,electricity,NA,,,559,,227,145,44
17182,2020,electricity,NA,,,559,,227,145,44
17182,2021,electricity,NA,,,559,,227,145,44
17182,2022,electricity,NA,,,559,,227,145,44
17182,2023,electricity,NA,,,559,,227,145,44
17182,2024,electricity,NA,,,559,,227,145,44
17186,2011,electricity,332,2697.0,8.12,975,36.6,381,206,23
17186,2012,electricity,342,2897.4,8.47,975,36.6,381,206,23
17186,2013,electricity,375,3159.5,8.43,975,36.6,381,206,23
17186,2014,electricity,390,2982.1,7.65,975,36.6,381,206,23
17186,2015,electricity,398,3079.2,7.74,975,36.6,381,206,23
17186,2016,electricity,410,3212.9,7.84,975,36.6,381,206,23
17186,2017,electricity,428,3129.6,7.31,975,36.6,381,206,23
17186,2018,electricity,396,2855.3,7.21,975,36.6,381,206,23
17186,2019,electricity,409,2877.0,7.03,975,36.6,381,206,23
17186,2020,electricity,428,2911.7,6.8,975,36.6,381,206,23
17186,2021,electricity,459,3172.3,6.91,975,36.6,381,206,23
17186,2022,electricity,501,3037.3,6.06,975,36.6,381,206,23
17186,2023,electricity,518,3105.1,5.99,975,36.6,381,206,23
17186,2024,electricity,523,3096.8,5.92,975,36.6,381,206,23
17190,2011,electricity,1360,8400.0,6.18,2907,41.1,1269,674,97
17190,2011,gas,519,7128.0,13.73,2907,41.1,1269,674,97
17190,2012,electricity,1439,9841.0,6.84,2907,41.1,1269,674,97
17190,2012,gas,560,8602.0,15.36,2907,41.1,1269,674,97
17190,2013,electricity,1459,10278.5,7.04,2907,41.1,1269,674,97
17190,2013,gas,571,8984.0,15.73,2907,41.1,1269,674,97
17190,2014,electricity,1475,9339.6,6.33,2907,41.1,1269,674,97
17190,2014,gas,573,7350.0,12.83,2907,41.1,1269,674,97
17190,2015,electricity,1479,9777.1,6.61,2907,41.1,1269,674,97
17190,2015,gas,577,7837.0,13.58,2907,41.1,1269,674,97
17190,2016,electricity,1503,10093.2,6.72,2907,41.1,1269,674,97
17190,2016,gas,575,8212.0,14.28,2907,41.1,1269,674,97
17190,2017,electricity,1508,9913.0,6.57,2907,41.1,1269,674,97
17190,2017,gas,579,8085.0,13.96,2907,41.1,1269,674,97
17190,2018,electricity,1399,8816.5,6.3,2907,41.1,1269,674,97
17190,2018,gas,564,6528.9,11.58,2907,41.1,1269,674,97
17190,2019,electricity,1407,8672.8,6.16,2907,41.1,1269,674,97
17190,2019,gas,568,6489.5,11.43,2907,41.1,1269,674,97
17190,2020,electricity,1417,8841.2,6.24,2907,41.1,1269,674,97
17190,2020,gas,567,6239.4,11.0,2907,41.1,1269,674,97
17190,2021,electricity,1459,9469.9,6.49,2907,41.1,1269,674,97
17190,2021,gas,576,6881.6,11.95,2907,41.1,1269,674,97
17190,2022,electricity,1484,8867.3,5.98,2907,41.1,1269,674,97
17190,2022,gas,570,5443.0,9.55,2907,41.1,1269,674,97
17190,2023,electricity,1516,8751.4,5.77,2907,41.1,1269,674,97
17190,2023,gas,581,5028.6,8.66,2907,41.1,1269,674,97
17190,2024,electricity,1514,8732.7,5.77,2907,41.1,1269,674,97
17190,2024,gas,571,4915.7,8.61,2907,41.1,1269,674,97
17193,2011,electricity,1155,7995.7,6.92,2591,43.1,1121,652,67
17193,2011,gas,426,5342.0,12.54,2591,43.1,1121,652,67
17193,2012,electricity,1157,8608.9,7.44,2591,43.1,1121,652,67
17193,2012,gas,426,6346.0,14.9,2591,43.1,1121,652,67
17193,2013,electricity,1166,8825.9,7.57,2591,43.1,1121,652,67
17193,2013,gas,428,6392.0,14.93,2591,43.1,1121,652,67
17193,2014,electricity,1165,7934.2,6.81,2591,43.1,1121,652,67
17193,2014,gas,425,5210.0,12.26,2591,43.1,1121,652,67
17193,2015,electricity,1185,8185.7,6.91,2591,43.1,1121,652,67
17193,2015,gas,429,5523.0,12.87,2591,43.1,1121,652,67
17193,2016,electricity,1201,8280.2,6.89,2591,43.1,1121,652,67
17193,2016,gas,430,5614.0,13.06,2591,43.1,1121,652,67
17193,2017,electricity,1215,8034.5,6.61,2591,43.1,1121,652,67
17193,2017,gas,427,5540.0,12.97,2591,43.1,1121,652,67
17193,2018,electricity,1158,7378.4,6.37,2591,43.1,1121,652,67
17193,2018,gas,426,4946.8,11.61,2591,43.1,1121,652,67
17193,2019,electricity,1190,7459.5,6.27,2591,43.1,1121,652,67
17193,2019,gas,437,4980.3,11.4,2591,43.1,1121,652,67
17193,2020,electricity,1217,7546.9,6.2,2591,43.1,1121,652,67
17193,2020,gas,446,4763.1,10.68,2591,43.1,1121,652,67
17193,2021,electricity,1234,8054.8,6.53,2591,43.1,1121,652,67
17193,2021,gas,446,5383.8,12.07,2591,43.1,1121,652,67
17193,2022,electricity,1261,7278.8,5.77,2591,43.1,1121,652,67
17193,2022,gas,458,4237.2,9.25,2591,43.1,1121,652,67
17193,2023,electricity,1269,7107.1,5.6,2591,43.1,1121,652,67
17193,2023,gas,452,4021.9,8.9,2591,43.1,1121,652,67
17193,2024,electricity,1293,6956.5,5.38,2591,43.1,1121,652,67
17193,2024,gas,445,3993.4,8.97,2591,43.1,1121,652,67
17194,2011,electricity,1374,10296.8,7.49,3414,51.7,1449,903,96
17194,2011,gas,212,2970.0,14.01,3414,51.7,1449,903,96
17194,2012,electricity,1414,11478.7,8.12,3414,51.7,1449,903,96
17194,2012,gas,222,3533.0,15.91,3414,51.7,1449,903,96
17194,2013,electricity,1458,11945.5,8.19,3414,51.7,1449,903,96
17194,2013,gas,229,3720.0,16.24,3414,51.7,1449,903,96
17194,2014,electricity,1495,10836.7,7.25,3414,51.7,1449,903,96
17194,2014,gas,238,3077.0,12.93,3414,51.7,1449,903,96
17194,2015,electricity,1508,11461.1,7.6,3414,51.7,1449,903,96
17194,2015,gas,241,3409.0,14.15,3414,51.7,1449,903,96
17194,2016,electricity,1521,11697.9,7.69,3414,51.7,1449,903,96
17194,2016,gas,249,3638.0,14.61,3414,51.7,1449,903,96
17194,2017,electricity,1469,10805.0,7.36,3414,51.7,1449,903,96
17194,2017,gas,250,3543.0,14.17,3414,51.7,1449,903,96
17194,2018,electricity,1461,10515.9,7.2,3414,51.7,1449,903,96
17194,2018,gas,238,2962.1,12.45,3414,51.7,1449,903,96
17194,2019,electricity,1414,9868.8,6.98,3414,51.7,1449,903,96
17194,2019,gas,242,2894.9,11.96,3414,51.7,1449,903,96
17194,2020,electricity,1443,10068.0,6.98,3414,51.7,1449,903,96
17194,2020,gas,246,2789.6,11.34,3414,51.7,1449,903,96
17194,2021,electricity,1551,11514.8,7.42,3414,51.7,1449,903,96
17194,2021,gas,247,3191.6,12.92,3414,51.7,1449,903,96
17194,2022,electricity,1565,10352.2,6.61,3414,51.7,1449,903,96
17194,2022,gas,246,2477.0,10.07,3414,51.7,1449,903,96
17194,2023,electricity,1600,10040.0,6.28,3414,51.7,1449,903,96
17194,2023,gas,241,2328.0,9.66,3414,51.7,1449,903,96
17194,2024,electricity,1627,9922.8,6.1,3414,51.7,1449,903,96
17194,2024,gas,230,2248.8,9.78,3414,51.7,1449,903,96
17200,2011,electricity,3648,22308.1,6.12,7387,30.2,3446,2196,225
17200,2011,gas,2165,28870.0,13.33,7387,30.1,3446,2196,225
17200,2012,electricity,3700,24023.7,6.49,7387,30.2,3446,2196,225
17200,2012,gas,2161,33868.0,15.67,7387,30.1,3446,2196,225
17200,2013,electricity,3722,24478.0,6.58,7387,30.2,3446,2196,225
17200,2013,gas,2147,34895.0,16.25,7387,30.1,3446,2196,225
17200,2014,electricity,3770,22256.1,5.9,7387,30.2,3446,2196,225
17200,2014,gas,2178,27149.0,12.47,7387,30.1,3446,2196,225
17200,2015,electricity,3793,23224.6,6.12,7387,30.3,3446,2196,225
17200,2015,gas,2220,29434.0,13.26,7387,30.2,3446,2196,225
17200,2016,electricity,3856,24063.0,6.24,7387,30.3,3446,2196,225
17200,2016,gas,2215,30428.0,13.74,7387,30.2,3446,2196,225
17200,2017,electricity,3971,23805.8,5.99,7387,30.2,3446,2196,225
17200,2017,gas,2245,29539.0,13.16,7387,30.1,3446,2196,225
17200,2018,electricity,3664,19997.3,5.46,7387,30.2,3446,2196,225
17200,2018,gas,2217,26899.4,12.13,7387,30.1,3446,2196,225
17200,2019,electricity,3738,19725.6,5.28,7387,30.2,3446,2196,225
17200,2019,gas,2291,26486.0,11.56,7387,30.1,3446,2196,225
17200,2020,electricity,3769,20042.2,5.32,7387,30.2,3446,2196,225
17200,2020,gas,2276,24900.3,10.94,7387,30.1,3446,2196,225
17200,2021,electricity,3819,21076.0,5.52,7387,30.2,3446,2196,225
17200,2021,gas,2256,27292.0,12.1,7387,30.1,3446,2196,225
17200,2022,electricity,3976,19460.9,4.89,7387,30.3,3446,2196,225
17200,2022,gas,2220,21387.0,9.63,7387,30.1,3446,2196,225
17200,2023,electricity,4193,19381.5,4.62,7387,30.3,3446,2196,225
17200,2023,gas,2247,20285.9,9.03,7387,30.1,3446,2196,225
17200,2024,electricity,4287,19371.7,4.52,7387,30.3,3446,2196,225
17200,2024,gas,2247,19886.4,8.85,7387,30.1,3446,2196,225
17201,2011,electricity,233,1667.3,7.16,488,43.3,189,104,21
17201,2012,electricity,231,1847.1,8.0,488,43.3,189,104,21
17201,2013,electricity,235,1967.7,8.37,488,43.3,189,104,21
17201,2014,electricity,238,1817.0,7.63,488,43.3,189,104,21
17201,2015,electricity,244,1886.7,7.73,488,43.3,189,104,21
17201,2016,electricity,242,1969.3,8.14,488,43.3,189,104,21
17201,2017,electricity,243,1944.5,8.0,488,43.3,189,104,21
17201,2018,electricity,210,1608.0,7.66,488,43.3,189,104,21
17201,2019,electricity,216,1609.0,7.45,488,43.3,189,104,21
17201,2020,electricity,217,1625.3,7.49,488,43.3,189,104,21
17201,2021,electricity,213,1778.5,8.35,488,43.3,189,104,21
17201,2022,electricity,219,1636.2,7.47,488,43.3,189,104,21
17201,2023,electricity,224,1439.2,6.42,488,43.3,189,104,21
17201,2024,electricity,210,1254.7,5.97,488,43.3,189,104,21
17203,2011,electricity,363,2562.2,7.06,778,42.8,309,152,39
17203,2012,electricity,366,2814.8,7.69,778,42.8,309,152,39
17203,2013,electricity,368,2946.3,8.01,778,42.8,309,152,39
17203,2014,electricity,376,2648.7,7.04,778,42.8,309,152,39
17203,2015,electricity,378,2688.7,7.11,778,42.8,309,152,39
17203,2016,electricity,381,2840.3,7.45,778,42.8,309,152,39
17203,2017,electricity,381,2797.7,7.34,778,42.8,309,152,39
17203,2018,electricity,348,2590.9,7.45,778,42.8,309,152,39
17203,2019,electricity,350,2642.9,7.55,778,42.8,309,152,39
17203,2020,electricity,355,2670.7,7.52,778,42.8,309,152,39
17203,2021,electricity,352,2808.5,7.98,778,42.8,309,152,39
17203,2022,electricity,359,2563.1,7.14,778,42.8,309,152,39
17203,2023,electricity,370,2538.4,6.86,778,42.8,309,152,39
17203,2024,electricity,370,2451.7,6.63,778,42.8,309,152,39
17208,2011,electricity,400,3296.9,8.24,1058,46.1,414,187,23
17208,2012,electricity,406,3475.2,8.56,1058,46.1,414,187,23
17208,2013,electricity,410,3624.1,8.84,1058,46.1,414,187,23
17208,2014,electricity,419,3316.8,7.92,1058,46.1,414,187,23
17208,2015,electricity,427,3531.9,8.27,1058,46.1,414,187,23
17208,2016,electricity,437,3706.8,8.48,1058,46.1,414,187,23
17208,2017,electricity,450,3667.8,8.15,1058,46.1,414,187,23
17208,2018,electricity,433,3075.0,7.1,1058,46.1,414,187,23
17208,2019,electricity,452,3254.6,7.2,1058,46.1,414,187,23
17208,2020,electricity,462,3326.3,7.2,1058,46.1,414,187,23
17208,2021,electricity,461,3547.6,7.7,1058,46.1,414,187,23
17208,2022,electricity,472,3238.3,6.86,1058,46.1,414,187,23
17208,2023,electricity,479,3168.0,6.61,1058,46.1,414,187,23
17208,2024,electricity,475,3111.6,6.55,1058,46.1,414,187,23
17218,2011,electricity,2720,18511.1,6.81,4500,50.5,2109,1219,319
17218,2011,gas,238,3988.0,16.76,4500,50.5,2109,1219,319
17218,2012,electricity,2742,20029.8,7.3,4500,50.5,2109,1219,319
17218,2012,gas,238,4783.0,20.1,4500,50.5,2109,1219,319
17218,2013,electricity,2754,20785.4,7.55,4500,50.5,2109,1219,319
17218,2013,gas,246,4937.0,20.07,4500,50.5,2109,1219,319
17218,2014,electricity,2747,18423.3,6.71,4500,50.5,2109,1219,319
17218,2014,gas,263,3950.0,15.02,4500,50.5,2109,1219,319
17218,2015,electricity,2758,18929.4,6.86,4500,50.5,2109,1219,319
17218,2015,gas,271,4219.0,15.57,4500,50.5,2109,1219,319
17218,2016,electricity,2771,19244.6,6.94,4500,50.5,2109,1219,319
17218,2016,gas,277,4507.0,16.27,4500,50.5,2109,1219,319
17218,2017,electricity,2789,18594.8,6.67,4500,50.5,2109,1219,319
17218,2017,gas,288,4390.0,15.24,4500,50.5,2109,1219,319
17218,2018,electricity,2415,14675.3,6.08,4500,50.5,2109,1219,319
17218,2018,gas,272,2679.6,9.85,4500,50.5,2109,1219,319
17218,2019,electricity,2449,14496.2,5.92,4500,50.5,2109,1219,319
17218,2019,gas,275,2625.4,9.55,4500,50.5,2109,1219,319
17218,2020,electricity,2481,14503.9,5.85,4500,50.5,2109,1219,319
17218,2020,gas,280,2482.3,8.87,4500,50.5,2109,1219,319
17218,2021,electricity,2513,15751.2,6.27,4500,50.5,2109,1219,319
17218,2021,gas,279,2826.1,10.13,4500,50.5,2109,1219,319
17218,2022,electricity,2525,14099.1,5.58,4500,50.5,2109,1219,319
17218,2022,gas,282,2273.1,8.06,4500,50.5,2109,1219,319
17218,2023,electricity,2552,13821.0,5.42,4500,50.5,2109,1219,319
17218,2023,gas,278,2068.0,7.44,4500,50.5,2109,1219,319
17218,2024,electricity,2548,13547.0,5.32,4500,50.5,2109,1219,319
17218,2024,gas,273,2021.9,7.41,4500,50.5,2109,1219,319
17221,2011,electricity,482,3171.4,6.58,930,31.4,391,222,81
17221,2012,electricity,487,3661.9,7.52,930,31.4,391,222,81
17221,2013,electricity,485,3841.6,7.92,930,31.4,391,222,81
17221,2014,electricity,492,3465.6,7.04,930,31.4,391,222,81
17221,2015,electricity,NA,,,930,,391,222,81
17221,2016,electricity,NA,,,930,,391,222,81
17221,2017,electricity,NA,,,930,,391,222,81
17221,2018,electricity,NA,,,930,,391,222,81
17221,2019,electricity,NA,,,930,,391,222,81
17221,2020,electricity,NA,,,930,,391,222,81
17221,2021,electricity,NA,,,930,,391,222,81
17221,2022,electricity,NA,,,930,,391,222,81
17221,2023,electricity,NA,,,930,,391,222,81
17221,2024,electricity,NA,,,930,,391,222,81
17222,2011,electricity,1355,10819.9,7.99,3194,44.9,1449,715,116
17222,2011,gas,395,5915.0,14.97,3194,44.9,1449,715,116
17222,2012,electricity,1409,11591.0,8.23,3194,44.9,1449,715,116
17222,2012,gas,417,7003.0,16.79,3194,44.9,1449,715,116
17222,2013,electricity,1467,11938.0,8.14,3194,44.9,1449,715,116
17222,2013,gas,457,7429.0,16.26,3194,44.9,1449,715,116
17222,2014,electricity,1484,10750.5,7.24,3194,44.9,1449,715,116
17222,2014,gas,467,6141.0,13.15,3194,44.9,1449,715,116
17222,2015,electricity,1522,11176.5,7.34,3194,44.9,1449,715,116
17222,2015,gas,481,6657.0,13.84,3194,44.9,1449,715,116
17222,2016,electricity,1576,11547.4,7.33,3194,44.9,1449,715,116
17222,2016,gas,492,6951.0,14.13,3194,44.9,1449,715,116
17222,2017,electricity,1593,11561.5,7.26,3194,44.9,1449,715,116
17222,2017,gas,497,6768.0,13.62,3194,44.9,1449,715,116
17222,2018,electricity,1516,10847.3,7.16,3194,44.9,1449,715,116
17222,2018,gas,497,6363.4,12.8,3194,44.9,1449,715,116
17222,2019,electricity,1551,10625.0,6.85,3194,44.9,1449,715,116
17222,2019,gas,515,6219.1,12.08,3194,44.9,1449,715,116
17222,2020,electricity,1569,10965.4,6.99,3194,44.9,1449,715,116
17222,2020,gas,516,6024.8,11.68,3194,44.9,1449,715,116
17222,2021,electricity,1574,11588.3,7.36,3194,44.9,1449,715,116
17222,2021,gas,527,6744.2,12.8,3194,44.9,1449,715,116
17222,2022,electricity,1605,10495.1,6.54,3194,44.9,1449,715,116
17222,2022,gas,524,5220.7,9.96,3194,44.9,1449,715,116
17222,2023,electricity,1608,10063.3,6.26,3194,44.9,1449,715,116
17222,2023,gas,515,4926.1,9.57,3194,44.9,1449,715,116
17222,2024,electricity,1619,9887.7,6.11,3194,44.9,1449,715,116
17222,2024,gas,503,4827.3,9.6,3194,44.9,1449,715,116
17245,2011,electricity,250,2076.8,8.31,918,50.5,363,204,21
17245,2012,electricity,271,2221.2,8.2,918,50.5,363,204,21
17245,2013,electricity,330,2630.5,7.97,918,50.5,363,204,21
17245,2014,electricity,352,2642.2,7.51,918,50.5,363,204,21
17245,2015,electricity,358,2801.5,7.83,918,50.5,363,204,21
17245,2016,electricity,378,2941.6,7.78,918,50.5,363,204,21
17245,2017,electricity,375,2938.1,7.83,918,50.5,363,204,21
17245,2018,electricity,350,2705.7,7.73,918,50.5,363,204,21
17245,2019,electricity,349,2668.1,7.64,918,50.5,363,204,21
17245,2020,electricity,354,2694.5,7.61,918,50.5,363,204,21
17245,2021,electricity,371,2919.5,7.87,918,50.5,363,204,21
17245,2022,electricity,376,2687.8,7.15,918,50.5,363,204,21
17245,2023,electricity,392,2615.9,6.67,918,50.5,363,204,21
17245,2024,electricity,398,2585.4,6.5,918,50.5,363,204,21
17264,2011,electricity,2787,19871.8,7.13,5798,39.0,2724,1695,187
17264,2011,gas,1051,13516.0,12.86,5798,37.1,2724,1695,187
17264,2012,electricity,2815,21209.1,7.53,5798,39.0,2724,1695,187
17264,2012,gas,1046,15999.0,15.3,5798,37.1,2724,1695,187
17264,2013,electricity,2859,21803.8,7.63,5798,38.9,2724,1695,187
17264,2013,gas,1063,16009.0,15.06,5798,37.1,2724,1695,187
17264,2014,electricity,2917,19654.7,6.74,5798,39.0,2724,1695,187
17264,2014,gas,1068,13039.0,12.21,5798,37.1,2724,1695,187
17264,2015,electricity,2991,20361.0,6.81,5798,38.9,2724,1695,187
17264,2015,gas,1102,14133.0,12.82,5798,36.9,2724,1695,187
17264,2016,electricity,3056,21391.4,7.0,5798,39.0,2724,1695,187
17264,2016,gas,1126,14848.0,13.19,5798,37.2,2724,1695,187
17264,2017,electricity,3076,20831.4,6.77,5798,39.0,2724,1695,187
17264,2017,gas,1133,14519.0,12.81,5798,37.2,2724,1695,187
17264,2018,electricity,2967,18806.3,6.34,5798,38.9,2724,1695,187
17264,2018,gas,1176,12574.7,10.69,5798,37.1,2724,1695,187
17264,2019,electricity,2983,18262.1,6.12,5798,38.9,2724,1695,187
17264,2019,gas,1223,12713.7,10.4,5798,37.3,2724,1695,187
17264,2020,electricity,3002,18318.0,6.1,5798,38.9,2724,1695,187
17264,2020,gas,1223,12007.4,9.82,5798,37.0,2724,1695,187
17264,2021,electricity,3029,19493.2,6.44,5798,38.9,2724,1695,187
17264,2021,gas,1219,13221.6,10.85,5798,37.1,2724,1695,187
17264,2022,electricity,3043,17600.2,5.78,5798,38.9,2724,1695,187
17264,2022,gas,1217,10424.1,8.57,5798,37.0,2724,1695,187
17264,2023,electricity,3061,17110.9,5.59,5798,38.9,2724,1695,187
17264,2023,gas,1206,9847.4,8.17,5798,37.1,2724,1695,187
17264,2024,electricity,3077,16948.8,5.51,5798,39.0,2724,1695,187
17264,2024,gas,1183,9707.9,8.21,5798,37.0,2724,1695,187
17267,2011,electricity,510,3994.7,7.83,1228,54.4,479,272,22
17267,2012,electricity,531,4410.2,8.31,1228,54.4,479,272,22
17267,2013,electricity,534,4627.5,8.67,1228,54.4,479,272,22
17267,2014,electricity,542,4251.2,7.84,1228,54.4,479,272,22
17267,2015,electricity,549,4459.9,8.12,1228,54.4,479,272,22
17267,2016,electricity,551,4476.4,8.12,1228,54.4,479,272,22
17267,2017,electricity,559,4163.1,7.45,1228,54.4,479,272,22
17267,2018,electricity,519,3836.6,7.39,1228,54.4,479,272,22
17267,2019,electricity,523,3888.5,7.43,1228,54.4,479,272,22
17267,2020,electricity,522,3879.5,7.43,1228,54.4,479,272,22
17267,2021,electricity,538,4161.8,7.74,1228,54.4,479,272,22
17267,2022,electricity,555,3897.6,7.02,1228,54.4,479,272,22
17267,2023,electricity,568,3843.6,6.77,1228,54.4,479,272,22
17267,2024,electricity,576,3782.8,6.57,1228,54.4,479,272,22
17274,2011,electricity,3779,25191.9,6.67,8741,37.7,4105,2391,119
17274,2011,gas,1664,24983.0,15.01,8741,37.2,4105,2391,119
17274,2012,electricity,4046,27911.3,6.9,8741,37.8,4105,2391,119
17274,2012,gas,1777,30172.0,16.98,8741,37.3,4105,2391,119
17274,2013,electricity,4201,28916.9,6.88,8741,37.9,4105,2391,119
17274,2013,gas,1850,31672.0,17.12,8741,37.6,4105,2391,119
17274,2014,electricity,4350,26647.8,6.13,8741,37.9,4105,2391,119
17274,2014,gas,1914,25546.0,13.35,8741,37.6,4105,2391,119
17274,2015,electricity,4487,27965.0,6.23,8741,37.8,4105,2391,119
17274,2015,gas,2017,28108.0,13.94,8741,37.6,4105,2391,119
17274,2016,electricity,4649,28957.8,6.23,8741,37.7,4105,2391,119
17274,2016,gas,2078,29329.0,14.11,8741,37.5,4105,2391,119
17274,2017,electricity,4703,28643.0,6.09,8741,37.7,4105,2391,119
17274,2017,gas,2078,28810.0,13.86,8741,37.5,4105,2391,119
17274,2018,electricity,4251,23358.9,5.49,8741,37.8,4105,2391,119
17274,2018,gas,2007,21335.2,10.63,8741,37.6,4105,2391,119
17274,2019,electricity,4376,22852.3,5.22,8741,37.7,4105,2391,119
17274,2019,gas,2119,21143.4,9.98,8741,37.6,4105,2391,119
17274,2020,electricity,4385,23119.7,5.27,8741,37.8,4105,2391,119
17274,2020,gas,2110,20038.4,9.5,8741,37.5,4105,2391,119
17274,2021,electricity,4547,24505.8,5.39,8741,37.7,4105,2391,119
17274,2021,gas,2135,22603.4,10.59,8741,37.5,4105,2391,119
17274,2022,electricity,4634,22613.4,4.88,8741,37.6,4105,2391,119
17274,2022,gas,2171,19442.2,8.96,8741,37.4,4105,2391,119
17274,2023,electricity,4693,21976.6,4.68,8741,37.6,4105,2391,119
17274,2023,gas,2169,18453.2,8.51,8741,37.4,4105,2391,119
17274,2024,electricity,4691,21481.9,4.58,8741,37.6,4105,2391,119
17274,2024,gas,2125,17996.1,8.47,8741,37.5,4105,2391,119
17291,2011,electricity,2816,19795.0,7.03,6635,36.1,3015,1713,92
17291,2011,gas,1191,17003.0,14.28,6635,36.1,3015,1713,92
17291,2012,electricity,2838,21435.7,7.55,6635,36.1,3015,1713,92
17291,2012,gas,1196,20197.0,16.89,6635,36.1,3015,1713,92
17291,2013,electricity,2966,21999.7,7.42,6635,36.1,3015,1713,92
17291,2013,gas,1228,20255.0,16.49,6635,36.1,3015,1713,92
17291,2014,electricity,3030,20555.9,6.78,6635,36.1,3015,1713,92
17291,2014,gas,1291,16896.0,13.09,6635,36.1,3015,1713,92
17291,2015,electricity,3099,21369.0,6.9,6635,36.1,3015,1713,92
17291,2015,gas,1334,17857.0,13.39,6635,36.1,3015,1713,92
17291,2016,electricity,3352,22201.0,6.62,6635,36.1,3015,1713,92
17291,2016,gas,1406,18628.0,13.25,6635,36.1,3015,1713,92
17291,2017,electricity,3438,22154.2,6.44,6635,36.1,3015,1713,92
17291,2017,gas,1415,18824.0,13.3,6635,36.1,3015,1713,92
17291,2018,electricity,2979,16228.6,5.45,6635,36.1,3015,1713,92
17291,2018,gas,1393,15178.7,10.9,6635,36.1,3015,1713,92
17291,2019,electricity,3095,16082.7,5.2,6635,36.1,3015,1713,92
17291,2019,gas,1406,14841.1,10.56,6635,36.1,3015,1713,92
17291,2020,electricity,3118,16225.1,5.2,6635,36.1,3015,1713,92
17291,2020,gas,1394,14482.8,10.39,6635,36.1,3015,1713,92
17291,2021,electricity,3194,17018.3,5.33,6635,36.1,3015,1713,92
17291,2021,gas,1424,18156.2,12.75,6635,36.1,3015,1713,92
17291,2022,electricity,3252,15685.8,4.82,6635,36.1,3015,1713,92
17291,2022,gas,1423,14312.7,10.06,6635,36.1,3015,1713,92
17291,2023,electricity,3420,15472.8,4.52,6635,36.1,3015,1713,92
17291,2023,gas,1516,13139.1,8.67,6635,36.1,3015,1713,92
17291,2024,electricity,3461,15381.2,4.44,6635,36.1,3015,1713,92
17291,2024,gas,1486,13034.3,8.77,6635,36.1,3015,1713,92
17293,2011,electricity,319,2244.2,7.04,705,36.3,285,192,19
17293,2012,electricity,327,2491.8,7.62,705,36.3,285,192,19
17293,2013,electricity,337,2576.1,7.64,705,36.3,285,192,19
17293,2014,electricity,343,2414.7,7.04,705,36.3,285,192,19
17293,2015,electricity,340,2436.0,7.16,705,36.3,285,192,19
17293,2016,electricity,342,2490.3,7.28,705,36.3,285,192,19
17293,2017,electricity,346,2388.5,6.9,705,36.3,285,192,19
17293,2018,electricity,313,2172.2,6.94,705,36.3,285,192,19
17293,2019,electricity,315,2223.9,7.06,705,36.3,285,192,19
17293,2020,electricity,323,2235.2,6.92,705,36.3,285,192,19
17293,2021,electricity,331,2421.6,7.32,705,36.3,285,192,19
17293,2022,electricity,339,2196.5,6.48,705,36.3,285,192,19
17293,2023,electricity,365,2164.8,5.93,705,36.3,285,192,19
17293,2024,electricity,399,2193.7,5.5,705,36.3,285,192,19
17300,2011,electricity,54389,226696.3,4.17,78534.99999999999,33.8,42942,24770,3634
17300,2011,gas,26028,284652.0,10.94,78534.99999999999,23.7,42942,24770,3634
17300,2012,electricity,54895,238590.4,4.35,78534.99999999999,33.8,42942,24770,3634
17300,2012,gas,25902,335554.0,12.95,78534.99999999999,23.6,42942,24770,3634
17300,2013,electricity,55401,243472.3,4.39,78534.99999999999,33.9,42942,24770,3634
17300,2013,gas,25865,340462.0,13.16,78534.99999999999,23.5,42942,24770,3634
17300,2014,electricity,55776,222001.9,3.98,78534.99999999999,33.9,42942,24770,3634
17300,2014,gas,25748,266995.0,10.37,78534.99999999999,23.5,42942,24770,3634
17300,2015,electricity,56457,228159.6,4.04,78534.99999999999,34.0,42942,24770,3634
17300,2015,gas,26463,281121.0,10.62,78534.99999999999,23.7,42942,24770,3634
17300,2016,electricity,57610,233044.3,4.05,78534.99999999999,34.0,42942,24770,3634
17300,2016,gas,26683,289671.0,10.86,78534.99999999999,23.7,42942,24770,3634
17300,2017,electricity,58357,231765.1,3.97,78534.99999999999,34.0,42942,24770,3634
17300,2017,gas,26862,283586.0,10.56,78534.99999999999,23.7,42942,24770,3634
17300,2018,electricity,51114,164535.2,3.22,78534.99999999999,32.7,42942,24770,3634
17300,2018,gas,26133,238760.6,9.14,78534.99999999999,23.3,42942,24770,3634
17300,2019,electricity,51863,162688.5,3.14,78534.99999999999,32.8,42942,24770,3634
17300,2019,gas,26542,232694.1,8.77,78534.99999999999,23.7,42942,24770,3634
17300,2020,electricity,52380,163454.6,3.12,78534.99999999999,32.9,42942,24770,3634
17300,2020,gas,26485,198861.9,7.51,78534.99999999999,23.6,42942,24770,3634
17300,2021,electricity,53232,174586.3,3.28,78534.99999999999,33.0,42942,24770,3634
17300,2021,gas,26603,216771.8,8.15,78534.99999999999,23.6,42942,24770,3634
17300,2022,electricity,53746,160178.1,2.98,78534.99999999999,33.0,42942,24770,3634
17300,2022,gas,26624,175325.0,6.59,78534.99999999999,23.6,42942,24770,3634
17300,2023,electricity,54330,156197.4,2.87,78534.99999999999,33.1,42942,24770,3634
17300,2023,gas,26659,166868.8,6.26,78534.99999999999,23.9,42942,24770,3634
17300,2024,electricity,54921,155957.3,2.84,78534.99999999999,33.1,42942,24770,3634
17300,2024,gas,26673,165092.2,6.19,78534.99999999999,24.0,42942,24770,3634
17303,2011,electricity,559,3633.1,6.5,1015,40.4,451,243,79
17303,2012,electricity,562,4029.2,7.17,1015,40.4,451,243,79
17303,2013,electricity,564,4162.1,7.38,1015,40.4,451,243,79
17303,2014,electricity,564,3683.4,6.53,1015,40.4,451,243,79
17303,2015,electricity,566,3719.9,6.57,1015,40.4,451,243,79
17303,2016,electricity,566,3739.5,6.61,1015,40.4,451,243,79
17303,2017,electricity,567,3652.4,6.44,1015,40.4,451,243,79
17303,2018,electricity,508,3315.6,6.53,1015,40.4,451,243,79
17303,2019,electricity,513,3225.0,6.29,1015,40.4,451,243,79
17303,2020,electricity,508,3223.1,6.34,1015,40.4,451,243,79
17303,2021,electricity,516,3442.4,6.67,1015,40.4,451,243,79
17303,2022,electricity,522,3116.4,5.97,1015,40.4,451,243,79
17303,2023,electricity,530,3086.5,5.82,1015,40.4,451,243,79
17303,2024,electricity,530,2998.5,5.66,1015,40.4,451,243,79
17315,2011,electricity,649,5149.3,7.93,1389,50.3,563,307,62
17315,2011,gas,NA,,,1389,,563,307,62
17315,2012,electricity,686,5798.0,8.45,1389,50.3,563,307,62
17315,2012,gas,NA,,,1389,,563,307,62
17315,2013,electricity,713,6199.2,8.69,1389,50.3,563,307,62
17315,2013,gas,NA,,,1389,,563,307,62
17315,2014,electricity,727,5725.0,7.87,1389,50.3,563,307,62
17315,2014,gas,NA,,,1389,,563,307,62
17315,2015,electricity,734,6020.5,8.2,1389,50.3,563,307,62
17315,2015,gas,NA,,,1389,,563,307,62
17315,2016,electricity,752,6320.8,8.41,1389,50.3,563,307,62
17315,2016,gas,NA,,,1389,,563,307,62
17315,2017,electricity,762,6170.0,8.1,1389,50.3,563,307,62
17315,2017,gas,NA,,,1389,,563,307,62
17315,2018,electricity,714,5791.7,8.11,1389,50.3,563,307,62
17315,2018,gas,NA,,,1389,,563,307,62
17315,2019,electricity,721,5669.3,7.86,1389,50.3,563,307,62
17315,2019,gas,NA,,,1389,,563,307,62
17315,2020,electricity,730,5747.4,7.87,1389,50.3,563,307,62
17315,2020,gas,NA,,,1389,,563,307,62
17315,2021,electricity,729,5862.4,8.04,1389,50.3,563,307,62
17315,2021,gas,NA,,,1389,,563,307,62
17315,2022,electricity,731,5231.6,7.16,1389,50.3,563,307,62
17315,2022,gas,NA,,,1389,,563,307,62
17315,2023,electricity,741,4994.8,6.74,1389,50.3,563,307,62
17315,2023,gas,NA,,,1389,,563,307,62
17315,2024,electricity,732,4801.6,6.56,1389,50.3,563,307,62
17315,2024,gas,NA,,,1389,,563,307,62
17321,2011,electricity,170,1264.1,7.44,351,35.2,141,83,13
17321,2012,electricity,170,1339.8,7.88,351,35.2,141,83,13
17321,2013,electricity,174,1323.0,7.6,351,35.2,141,83,13
17321,2014,electricity,176,1185.7,6.74,351,35.2,141,83,13
17321,2015,electricity,177,1200.0,6.78,351,35.2,141,83,13
17321,2016,electricity,178,1250.7,7.03,351,35.2,141,83,13
17321,2017,electricity,179,1200.0,6.7,351,35.2,141,83,13
17321,2018,electricity,153,1050.9,6.87,351,35.2,141,83,13
17321,2019,electricity,156,1048.4,6.72,351,35.2,141,83,13
17321,2020,electricity,157,1195.0,7.61,351,35.2,141,83,13
17321,2021,electricity,158,1202.5,7.61,351,35.2,141,83,13
17321,2022,electricity,158,1085.5,6.87,351,35.2,141,83,13
17321,2023,electricity,160,1046.0,6.54,351,35.2,141,83,13
17321,2024,electricity,160,1021.3,6.38,351,35.2,141,83,13
17322,2011,electricity,254,2001.4,7.88,685,36.3,226,154,23
17322,2012,electricity,263,2210.7,8.41,685,36.3,226,154,23
17322,2013,electricity,266,2320.3,8.72,685,36.3,226,154,23
17322,2014,electricity,270,2066.2,7.65,685,36.3,226,154,23
17322,2015,electricity,271,2075.9,7.66,685,36.3,226,154,23
17322,2016,electricity,278,2117.5,7.62,685,36.3,226,154,23
17322,2017,electricity,286,2112.7,7.39,685,36.3,226,154,23
17322,2018,electricity,241,1723.3,7.15,685,36.3,226,154,23
17322,2019,electricity,242,1740.0,7.19,685,36.3,226,154,23
17322,2020,electricity,244,1783.1,7.31,685,36.3,226,154,23
17322,2021,electricity,254,1941.4,7.64,685,36.3,226,154,23
17322,2022,electricity,264,1792.6,6.79,685,36.3,226,154,23
17322,2023,electricity,260,1741.3,6.7,685,36.3,226,154,23
17322,2024,electricity,261,1731.7,6.63,685,36.3,226,154,23
17338,2011,electricity,904,6332.7,7.01,1838,42.4,786,432,83
17338,2012,electricity,913,6944.3,7.61,1838,42.4,786,432,83
17338,2013,electricity,929,7163.6,7.71,1838,42.4,786,432,83
17338,2014,electricity,935,6469.4,6.92,1838,42.4,786,432,83
17338,2015,electricity,945,6740.5,7.13,1838,42.4,786,432,83
17338,2016,electricity,959,6971.9,7.27,1838,42.4,786,432,83
17338,2017,electricity,962,6752.8,7.02,1838,42.4,786,432,83
17338,2018,electricity,861,5960.2,6.92,1838,42.4,786,432,83
17338,2019,electricity,886,6087.0,6.87,1838,42.4,786,432,83
17338,2020,electricity,905,6650.4,7.35,1838,42.4,786,432,83
17338,2021,electricity,918,6795.6,7.4,1838,42.4,786,432,83
17338,2022,electricity,931,6201.2,6.66,1838,42.4,786,432,83
17338,2023,electricity,960,6131.3,6.39,1838,42.4,786,432,83
17338,2024,electricity,968,6106.2,6.31,1838,42.4,786,432,83
17340,2011,electricity,775,5591.2,7.21,1508,44.7,661,351,103
17340,2012,electricity,794,5938.4,7.48,1508,44.7,661,351,103
17340,2013,electricity,804,6180.9,7.69,1508,44.7,661,351,103
17340,2014,electricity,826,5686.1,6.88,1508,44.7,661,351,103
17340,2015,electricity,829,5978.7,7.21,1508,44.7,661,351,103
17340,2016,electricity,832,6206.6,7.46,1508,44.7,661,351,103
17340,2017,electricity,834,6091.0,7.3,1508,44.7,661,351,103
17340,2018,electricity,752,5459.0,7.26,1508,44.7,661,351,103
17340,2019,electricity,752,5401.4,7.18,1508,44.7,661,351,103
17340,2020,electricity,755,5328.3,7.06,1508,44.7,661,351,103
17340,2021,electricity,762,5666.8,7.44,1508,44.7,661,351,103
17340,2022,electricity,765,5044.4,6.59,1508,44.7,661,351,103
17340,2023,electricity,774,4905.1,6.34,1508,44.7,661,351,103
17340,2024,electricity,785,4882.1,6.22,1508,44.7,661,351,103
17349,2011,electricity,1212,8810.3,7.27,3038,51.3,1148,640,108
17349,2012,electricity,1245,9819.7,7.89,3038,51.3,1148,640,108
17349,2013,electricity,1291,10522.9,8.15,3038,51.3,1148,640,108
17349,2014,electricity,1310,9611.1,7.34,3038,51.3,1148,640,108
17349,2015,electricity,1320,9953.0,7.54,3038,51.3,1148,640,108
17349,2016,electricity,1347,10205.1,7.58,3038,51.3,1148,640,108
17349,2017,electricity,1356,10162.9,7.49,3038,51.3,1148,640,108
17349,2018,electricity,1224,8906.2,7.28,3038,51.3,1148,640,108
17349,2019,electricity,1235,8906.4,7.21,3038,51.3,1148,640,108
17349,2020,electricity,1261,8994.0,7.13,3038,51.3,1148,640,108
17349,2021,electricity,1281,9651.4,7.53,3038,51.3,1148,640,108
17349,2022,electricity,1289,8588.3,6.66,3038,51.3,1148,640,108
17349,2023,electricity,1304,8457.4,6.49,3038,51.3,1148,640,108
17349,2024,electricity,1343,8483.5,6.32,3038,51.3,1148,640,108
17359,2011,electricity,529,3703.0,7.0,1227,38.9,499,307,58
17359,2012,electricity,535,4112.8,7.69,1227,38.9,499,307,58
17359,2013,electricity,543,4317.6,7.95,1227,38.9,499,307,58
17359,2014,electricity,550,3874.2,7.04,1227,38.9,499,307,58
17359,2015,electricity,556,4051.3,7.29,1227,38.9,499,307,58
17359,2016,electricity,565,4215.3,7.46,1227,38.9,499,307,58
17359,2017,electricity,567,4088.1,7.21,1227,38.9,499,307,58
17359,2018,electricity,527,3876.9,7.36,1227,38.9,499,307,58
17359,2019,electricity,531,3947.0,7.43,1227,38.9,499,307,58
17359,2020,electricity,533,4049.2,7.6,1227,38.9,499,307,58
17359,2021,electricity,556,4304.8,7.74,1227,38.9,499,307,58
17359,2022,electricity,577,3943.8,6.84,1227,38.9,499,307,58
17359,2023,electricity,586,3939.7,6.72,1227,38.9,499,307,58
17359,2024,electricity,586,3956.5,6.75,1227,38.9,499,307,58
17373,2011,electricity,774,6125.2,7.91,2349,49.4,886,498,97
17373,2011,gas,NA,,,2349,,886,498,97
17373,2012,electricity,798,6732.1,8.44,2349,49.4,886,498,97
17373,2012,gas,NA,,,2349,,886,498,97
17373,2013,electricity,827,7272.3,8.79,2349,49.4,886,498,97
17373,2013,gas,NA,,,2349,,886,498,97
17373,2014,electricity,880,6696.4,7.61,2349,49.4,886,498,97
17373,2014,gas,NA,,,2349,,886,498,97
17373,2015,electricity,894,7161.8,8.01,2349,49.4,886,498,97
17373,2015,gas,NA,,,2349,,886,498,97
17373,2016,electricity,908,7434.7,8.19,2349,49.4,886,498,97
17373,2016,gas,NA,,,2349,,886,498,97
17373,2017,electricity,918,7340.9,8.0,2349,49.4,886,498,97
17373,2017,gas,NA,,,2349,,886,498,97
17373,2018,electricity,792,6388.5,8.07,2349,49.4,886,498,97
17373,2019,electricity,813,6394.0,7.86,2349,49.4,886,498,97
17373,2020,electricity,835,6440.7,7.71,2349,49.4,886,498,97
17373,2021,electricity,855,7061.8,8.26,2349,49.4,886,498,97
17373,2022,electricity,880,6468.0,7.35,2349,49.4,886,498,97
17373,2023,electricity,893,6273.0,7.02,2349,49.4,886,498,97
17373,2024,electricity,905,6172.1,6.82,2349,49.4,886,498,97
17376,2011,electricity,539,4490.0,8.33,2083,51.4,742,296,37
17376,2012,electricity,575,4935.7,8.58,2083,51.4,742,296,37
17376,2013,electricity,633,5533.2,8.74,2083,51.4,742,296,37
17376,2014,electricity,657,5289.5,8.05,2083,51.4,742,296,37
17376,2015,electricity,664,5488.3,8.27,2083,51.4,742,296,37
17376,2016,electricity,722,5722.6,7.93,2083,51.4,742,296,37
17376,2017,electricity,738,5749.3,7.79,2083,51.4,742,296,37
17376,2018,electricity,731,5440.9,7.44,2083,51.4,742,296,37
17376,2019,electricity,763,5590.1,7.33,2083,51.4,742,296,37
17376,2020,electricity,810,5641.1,6.96,2083,51.4,742,296,37
17376,2021,electricity,830,6237.1,7.51,2083,51.4,742,296,37
17376,2022,electricity,837,5756.7,6.88,2083,51.4,742,296,37
17376,2023,electricity,854,5691.1,6.66,2083,51.4,742,296,37
17376,2024,electricity,862,5615.5,6.51,2083,51.4,742,296,37
17382,2011,electricity,268,1848.5,6.9,552,39.1,227,128,29
17382,2012,electricity,269,1959.5,7.28,552,39.1,227,128,29
17382,2013,electricity,271,1997.2,7.37,552,39.1,227,128,29
17382,2014,electricity,273,1817.7,6.66,552,39.1,227,128,29
17382,2015,electricity,276,1885.8,6.83,552,39.1,227,128,29
17382,2016,electricity,282,2045.4,7.25,552,39.1,227,128,29
17382,2017,electricity,281,2025.9,7.21,552,39.1,227,128,29
17382,2018,electricity,243,1774.7,7.3,552,39.1,227,128,29
17382,2019,electricity,251,1720.2,6.85,552,39.1,227,128,29
17382,2020,electricity,257,1761.7,6.85,552,39.1,227,128,29
17382,2021,electricity,261,1848.8,7.08,552,39.1,227,128,29
17382,2022,electricity,261,1709.8,6.55,552,39.1,227,128,29
17382,2023,electricity,282,1684.3,5.97,552,39.1,227,128,29
17382,2024,electricity,289,1689.2,5.84,552,39.1,227,128,29
17391,2011,electricity,876,5592.2,6.38,2408,35.4,977,523,31
17391,2011,gas,456,5610.0,12.3,2408,35.4,977,523,31
17391,2012,electricity,894,6194.5,6.93,2408,35.4,977,523,31
17391,2012,gas,457,6792.0,14.86,2408,35.4,977,523,31
17391,2013,electricity,910,6508.6,7.15,2408,35.4,977,523,31
17391,2013,gas,464,6984.0,15.05,2408,35.4,977,523,31
17391,2014,electricity,917,5939.5,6.48,2408,35.4,977,523,31
17391,2014,gas,468,6158.0,13.16,2408,35.4,977,523,31
17391,2015,electricity,919,6008.2,6.54,2408,35.4,977,523,31
17391,2015,gas,469,6569.0,14.01,2408,35.4,977,523,31
17391,2016,electricity,942,6112.5,6.49,2408,35.4,977,523,31
17391,2016,gas,474,6862.0,14.48,2408,35.4,977,523,31
17391,2017,electricity,1030,6163.2,5.98,2408,35.4,977,523,31
17391,2017,gas,494,6663.0,13.49,2408,35.4,977,523,31
17391,2018,electricity,1007,6179.3,6.14,2408,35.4,977,523,31
17391,2018,gas,491,5243.3,10.68,2408,35.4,977,523,31
17391,2019,electricity,1021,6190.3,6.06,2408,35.4,977,523,31
17391,2019,gas,495,5135.4,10.37,2408,35.4,977,523,31
17391,2020,electricity,1024,6299.5,6.15,2408,35.4,977,523,31
17391,2020,gas,494,4874.1,9.87,2408,35.4,977,523,31
17391,2021,electricity,1031,6623.3,6.42,2408,35.4,977,523,31
17391,2021,gas,493,5486.6,11.13,2408,35.4,977,523,31
17391,2022,electricity,1032,6081.0,5.89,2408,35.4,977,523,31
17391,2022,gas,490,4300.0,8.78,2408,35.4,977,523,31
17391,2023,electricity,1045,5889.6,5.64,2408,35.4,977,523,31
17391,2023,gas,485,4034.7,8.32,2408,35.4,977,523,31
17391,2024,electricity,1048,5796.2,5.53,2408,35.4,977,523,31
17391,2024,gas,474,3979.2,8.39,2408,35.4,977,523,31
17394,2011,electricity,404,2755.5,6.82,905,34.4,346,224,67
17394,2012,electricity,408,3028.6,7.42,905,34.4,346,224,67
17394,2013,electricity,416,3136.8,7.54,905,34.4,346,224,67
17394,2014,electricity,417,2834.1,6.8,905,34.4,346,224,67
17394,2015,electricity,NA,,,905,,346,224,67
17394,2016,electricity,NA,,,905,,346,224,67
17394,2017,electricity,NA,,,905,,346,224,67
17394,2018,electricity,NA,,,905,,346,224,67
17394,2019,electricity,NA,,,905,,346,224,67
17394,2020,electricity,NA,,,905,,346,224,67
17394,2021,electricity,NA,,,905,,346,224,67
17394,2022,electricity,NA,,,905,,346,224,67
17394,2023,electricity,NA,,,905,,346,224,67
17394,2024,electricity,NA,,,905,,346,224,67
17396,2011,electricity,770,6642.8,8.63,1744,52.6,686,358,54
17396,2012,electricity,777,6960.6,8.96,1744,52.6,686,358,54
17396,2013,electricity,785,7126.0,9.08,1744,52.6,686,358,54
17396,2014,electricity,787,6392.1,8.12,1744,52.6,686,358,54
17396,2015,electricity,797,6534.6,8.2,1744,52.6,686,358,54
17396,2016,electricity,821,6819.5,8.31,1744,52.6,686,358,54
17396,2017,electricity,852,6730.0,7.9,1744,52.6,686,358,54
17396,2018,electricity,752,5843.2,7.77,1744,52.6,686,358,54
17396,2019,electricity,762,5825.6,7.65,1744,52.6,686,358,54
17396,2020,electricity,781,5817.3,7.45,1744,52.6,686,358,54
17396,2021,electricity,835,6442.7,7.72,1744,52.6,686,358,54
17396,2022,electricity,906,6065.7,6.69,1744,52.6,686,358,54
17396,2023,electricity,939,6150.4,6.55,1744,52.6,686,358,54
17396,2024,electricity,938,6136.8,6.54,1744,52.6,686,358,54
17407,2011,electricity,1687,14042.8,8.32,4961,47.5,2018,1022,141
17407,2011,gas,171,2549.0,14.91,4961,47.5,2018,1022,141
17407,2012,electricity,1789,15324.7,8.57,4961,47.5,2018,1022,141
17407,2012,gas,207,3200.0,15.46,4961,47.5,2018,1022,141
17407,2013,electricity,1852,16344.8,8.83,4961,47.5,2018,1022,141
17407,2013,gas,242,3564.0,14.73,4961,47.5,2018,1022,141
17407,2014,electricity,1905,15048.3,7.9,4961,47.5,2018,1022,141
17407,2014,gas,249,3229.0,12.97,4961,47.5,2018,1022,141
17407,2015,electricity,1947,15631.4,8.03,4961,47.5,2018,1022,141
17407,2015,gas,255,3419.0,13.41,4961,47.5,2018,1022,141
17407,2016,electricity,2019,16346.6,8.1,4961,47.5,2018,1022,141
17407,2016,gas,258,3620.0,14.03,4961,47.5,2018,1022,141
17407,2017,electricity,2105,16328.0,7.76,4961,47.5,2018,1022,141
17407,2017,gas,264,3655.0,13.84,4961,47.5,2018,1022,141
17407,2018,electricity,1968,14779.4,7.51,4961,47.5,2018,1022,141
17407,2018,gas,261,2930.5,11.23,4961,47.5,2018,1022,141
17407,2019,electricity,2098,14931.4,7.12,4961,47.5,2018,1022,141
17407,2019,gas,322,3036.5,9.43,4961,47.5,2018,1022,141
17407,2020,electricity,2133,15386.3,7.21,4961,47.5,2018,1022,141
17407,2020,gas,321,2975.4,9.27,4961,47.5,2018,1022,141
17407,2021,electricity,2179,16543.3,7.59,4961,47.5,2018,1022,141
17407,2021,gas,321,3406.9,10.61,4961,47.5,2018,1022,141
17407,2022,electricity,2217,15004.6,6.77,4961,47.5,2018,1022,141
17407,2022,gas,319,2704.4,8.48,4961,47.5,2018,1022,141
17407,2023,electricity,2246,14571.9,6.49,4961,47.5,2018,1022,141
17407,2023,gas,317,2542.8,8.02,4961,47.5,2018,1022,141
17407,2024,electricity,2280,14465.8,6.34,4961,47.5,2018,1022,141
17407,2024,gas,312,2471.5,7.92,4961,47.5,2018,1022,141
17413,2011,electricity,551,4100.7,7.44,1393,43.0,567,303,30
17413,2011,gas,167,2115.0,12.66,1393,43.0,567,303,30
17413,2012,electricity,553,4223.8,7.64,1393,43.0,567,303,30
17413,2012,gas,167,2585.0,15.48,1393,43.0,567,303,30
17413,2013,electricity,569,4313.4,7.58,1393,43.0,567,303,30
17413,2013,gas,166,2674.0,16.11,1393,43.0,567,303,30
17413,2014,electricity,578,4059.1,7.02,1393,43.0,567,303,30
17413,2014,gas,165,2180.0,13.21,1393,43.0,567,303,30
17413,2015,electricity,589,4284.3,7.27,1393,43.0,567,303,30
17413,2015,gas,170,2344.0,13.79,1393,43.0,567,303,30
17413,2016,electricity,609,4481.8,7.36,1393,43.0,567,303,30
17413,2016,gas,177,2489.0,14.06,1393,43.0,567,303,30
17413,2017,electricity,631,4457.1,7.06,1393,43.0,567,303,30
17413,2017,gas,178,2436.0,13.69,1393,43.0,567,303,30
17413,2018,electricity,591,4054.6,6.86,1393,43.0,567,303,30
17413,2018,gas,171,1908.7,11.16,1393,43.0,567,303,30
17413,2019,electricity,609,4062.4,6.67,1393,43.0,567,303,30
17413,2019,gas,183,1958.9,10.7,1393,43.0,567,303,30
17413,2020,electricity,617,4047.7,6.56,1393,43.0,567,303,30
17413,2020,gas,190,1874.7,9.87,1393,43.0,567,303,30
17413,2021,electricity,626,4262.5,6.81,1393,43.0,567,303,30
17413,2021,gas,190,2169.7,11.42,1393,43.0,567,303,30
17413,2022,electricity,631,3924.7,6.22,1393,43.0,567,303,30
17413,2022,gas,189,1701.7,9.0,1393,43.0,567,303,30
17413,2023,electricity,637,3895.0,6.11,1393,43.0,567,303,30
17413,2023,gas,184,1538.3,8.36,1393,43.0,567,303,30
17413,2024,electricity,638,3890.5,6.1,1393,43.0,567,303,30
17413,2024,gas,180,1481.5,8.23,1393,43.0,567,303,30
17414,2011,electricity,2120,15625.4,7.37,5384,40.3,2357,1258,189
17414,2011,gas,707,9383.0,13.27,5384,40.3,2357,1258,189
17414,2012,electricity,2144,16295.8,7.6,5384,40.3,2357,1258,189
17414,2012,gas,709,11277.0,15.91,5384,40.3,2357,1258,189
17414,2013,electricity,2239,16906.7,7.55,5384,40.3,2357,1258,189
17414,2013,gas,722,11464.0,15.88,5384,40.3,2357,1258,189
17414,2014,electricity,2303,15844.5,6.88,5384,40.3,2357,1258,189
17414,2014,gas,740,9414.0,12.72,5384,40.3,2357,1258,189
17414,2015,electricity,2356,16617.5,7.05,5384,40.3,2357,1258,189
17414,2015,gas,753,9957.0,13.22,5384,40.3,2357,1258,189
17414,2016,electricity,2496,17627.5,7.06,5384,40.3,2357,1258,189
17414,2016,gas,791,10440.0,13.2,5384,40.3,2357,1258,189
17414,2017,electricity,2560,17274.5,6.75,5384,40.3,2357,1258,189
17414,2017,gas,814,10152.0,12.47,5384,40.3,2357,1258,189
17414,2018,electricity,2532,16280.0,6.43,5384,40.3,2357,1258,189
17414,2018,gas,860,9198.2,10.7,5384,40.3,2357,1258,189
17414,2019,electricity,2616,16216.5,6.2,5384,40.3,2357,1258,189
17414,2019,gas,912,9296.2,10.19,5384,40.3,2357,1258,189
17414,2020,electricity,2725,16806.0,6.17,5384,40.3,2357,1258,189
17414,2020,gas,922,8795.6,9.54,5384,40.3,2357,1258,189
17414,2021,electricity,2781,18008.4,6.48,5384,40.3,2357,1258,189
17414,2021,gas,933,9750.9,10.45,5384,40.3,2357,1258,189
17414,2022,electricity,2874,16672.3,5.8,5384,40.3,2357,1258,189
17414,2022,gas,984,7750.2,7.88,5384,40.3,2357,1258,189
17414,2023,electricity,2940,16146.5,5.49,5384,40.3,2357,1258,189
17414,2023,gas,1005,7594.6,7.56,5384,40.3,2357,1258,189
17414,2024,electricity,2967,16029.6,5.4,5384,40.3,2357,1258,189
17414,2024,gas,990,7421.0,7.5,5384,40.3,2357,1258,189
17420,2011,electricity,971,7340.2,7.56,2350,54.1,1005,558,79
17420,2011,gas,149,2070.0,13.89,2350,54.1,1005,558,79
17420,2012,electricity,982,7980.4,8.13,2350,54.1,1005,558,79
17420,2012,gas,152,2500.0,16.45,2350,54.1,1005,558,79
17420,2013,electricity,996,8325.2,8.36,2350,54.1,1005,558,79
17420,2013,gas,151,2509.0,16.62,2350,54.1,1005,558,79
17420,2014,electricity,1026,7468.6,7.28,2350,54.1,1005,558,79
17420,2014,gas,154,1993.0,12.94,2350,54.1,1005,558,79
17420,2015,electricity,1025,7861.0,7.67,2350,54.1,1005,558,79
17420,2015,gas,155,2138.0,13.79,2350,54.1,1005,558,79
17420,2016,electricity,1056,8227.3,7.79,2350,54.1,1005,558,79
17420,2016,gas,152,2246.0,14.78,2350,54.1,1005,558,79
17420,2017,electricity,1089,8158.1,7.49,2350,54.1,1005,558,79
17420,2017,gas,159,2149.0,13.52,2350,54.1,1005,558,79
17420,2018,electricity,1007,7389.7,7.34,2350,54.1,1005,558,79
17420,2018,gas,164,1950.9,11.9,2350,54.1,1005,558,79
17420,2019,electricity,1039,7315.6,7.04,2350,54.1,1005,558,79
17420,2019,gas,170,2025.2,11.91,2350,54.1,1005,558,79
17420,2020,electricity,1066,7518.1,7.05,2350,54.1,1005,558,79
17420,2020,gas,172,1992.4,11.58,2350,54.1,1005,558,79
17420,2021,electricity,1147,8571.1,7.47,2350,54.1,1005,558,79
17420,2021,gas,175,2295.2,13.12,2350,54.1,1005,558,79
17420,2022,electricity,1181,7756.4,6.57,2350,54.1,1005,558,79
17420,2022,gas,196,1860.6,9.49,2350,54.1,1005,558,79
17420,2023,electricity,1218,7602.5,6.24,2350,54.1,1005,558,79
17420,2023,gas,195,1796.9,9.21,2350,54.1,1005,558,79
17420,2024,electricity,1231,7547.2,6.13,2350,54.1,1005,558,79
17420,2024,gas,193,1755.3,9.09,2350,54.1,1005,558,79
17434,2011,electricity,3915,24429.2,6.24,6825,46.0,3244,2112,378
17434,2011,gas,1138,18703.0,16.43,6825,45.8,3244,2112,378
17434,2012,electricity,3945,26286.8,6.66,6825,46.0,3244,2112,378
17434,2012,gas,1138,21926.0,19.27,6825,45.8,3244,2112,378
17434,2013,electricity,4014,27188.5,6.77,6825,46.0,3244,2112,378
17434,2013,gas,1138,22297.0,19.59,6825,45.8,3244,2112,378
17434,2014,electricity,4054,24944.1,6.15,6825,46.0,3244,2112,378
17434,2014,gas,1154,18044.0,15.64,6825,45.7,3244,2112,378
17434,2015,electricity,4081,25704.0,6.3,6825,46.0,3244,2112,378
17434,2015,gas,1176,19024.0,16.18,6825,45.7,3244,2112,378
17434,2016,electricity,4127,26228.2,6.36,6825,46.0,3244,2112,378
17434,2016,gas,1176,19804.0,16.84,6825,45.7,3244,2112,378
17434,2017,electricity,4158,25596.2,6.16,6825,46.0,3244,2112,378
17434,2017,gas,1169,18798.0,16.08,6825,45.7,3244,2112,378
17434,2018,electricity,3655,19529.7,5.34,6825,46.0,3244,2112,378
17434,2018,gas,1050,13252.5,12.62,6825,45.7,3244,2112,378
17434,2019,electricity,3670,19553.6,5.33,6825,45.9,3244,2112,378
17434,2019,gas,1084,12963.6,11.96,6825,45.7,3244,2112,378
17434,2020,electricity,3697,20170.3,5.46,6825,45.9,3244,2112,378
17434,2020,gas,1091,12546.7,11.5,6825,45.9,3244,2112,378
17434,2021,electricity,3753,21139.6,5.63,6825,46.0,3244,2112,378
17434,2021,gas,1079,13764.3,12.76,6825,45.7,3244,2112,378
17434,2022,electricity,3805,19197.8,5.05,6825,46.0,3244,2112,378
17434,2022,gas,1084,10957.4,10.11,6825,45.7,3244,2112,378
17434,2023,electricity,3847,18966.0,4.93,6825,46.0,3244,2112,378
17434,2023,gas,1065,10504.8,9.86,6825,45.8,3244,2112,378
17434,2024,electricity,3867,18828.0,4.87,6825,46.0,3244,2112,378
17434,2024,gas,1042,10412.8,9.99,6825,45.7,3244,2112,378
17439,2011,electricity,509,2848.2,5.6,772,38.9,346,199,77
17439,2012,electricity,515,3169.2,6.15,772,38.9,346,199,77
17439,2013,electricity,515,3250.3,6.31,772,38.9,346,199,77
17439,2014,electricity,519,2855.8,5.5,772,38.9,346,199,77
17439,2015,electricity,520,2900.7,5.58,772,38.9,346,199,77
17439,2016,electricity,518,3002.2,5.8,772,38.9,346,199,77
17439,2017,electricity,522,2918.8,5.59,772,38.9,346,199,77
17439,2018,electricity,469,2584.0,5.51,772,38.9,346,199,77
17439,2019,electricity,474,2537.4,5.35,772,38.9,346,199,77
17439,2020,electricity,473,2495.8,5.28,772,38.9,346,199,77
17439,2021,electricity,465,2686.5,5.78,772,38.9,346,199,77
17439,2022,electricity,462,2403.9,5.2,772,38.9,346,199,77
17439,2023,electricity,466,2366.5,5.08,772,38.9,346,199,77
17439,2024,electricity,464,2293.0,4.94,772,38.9,346,199,77
17443,2011,electricity,750,5557.3,7.41,1837,51.6,740,434,64
17443,2012,electricity,785,6193.5,7.89,1837,51.6,740,434,64
17443,2013,electricity,802,6552.9,8.17,1837,51.6,740,434,64
17443,2014,electricity,816,5825.3,7.14,1837,51.6,740,434,64
17443,2015,electricity,827,6166.6,7.46,1837,51.6,740,434,64
17443,2016,electricity,848,6365.1,7.51,1837,51.6,740,434,64
17443,2017,electricity,858,6358.0,7.41,1837,51.6,740,434,64
17443,2018,electricity,811,6119.9,7.55,1837,51.6,740,434,64
17443,2019,electricity,844,6148.9,7.29,1837,51.6,740,434,64
17443,2020,electricity,873,6201.8,7.1,1837,51.6,740,434,64
17443,2021,electricity,892,6816.7,7.64,1837,51.6,740,434,64
17443,2022,electricity,917,6110.8,6.66,1837,51.6,740,434,64
17443,2023,electricity,951,6000.4,6.31,1837,51.6,740,434,64
17443,2024,electricity,957,5952.0,6.22,1837,51.6,740,434,64
17447,2011,electricity,781,5588.1,7.16,2052,46.5,790,401,93
17447,2011,gas,53,751.0,14.17,2052,46.5,790,401,93
17447,2012,electricity,810,6158.9,7.6,2052,46.5,790,401,93
17447,2012,gas,55,871.0,15.84,2052,46.5,790,401,93
17447,2013,electricity,821,6548.6,7.98,2052,46.5,790,401,93
17447,2013,gas,55,890.0,16.18,2052,46.5,790,401,93
17447,2014,electricity,834,6046.1,7.25,2052,46.5,790,401,93
17447,2014,gas,55,687.0,12.49,2052,46.5,790,401,93
17447,2015,electricity,847,6432.7,7.59,2052,46.5,790,401,93
17447,2015,gas,55,722.0,13.13,2052,46.5,790,401,93
17447,2016,electricity,867,6601.2,7.61,2052,46.5,790,401,93
17447,2016,gas,55,759.0,13.8,2052,46.5,790,401,93
17447,2017,electricity,900,6537.7,7.26,2052,46.5,790,401,93
17447,2017,gas,59,789.0,13.37,2052,46.5,790,401,93
17447,2018,electricity,834,5831.4,6.99,2052,46.5,790,401,93
17447,2018,gas,52,678.9,13.06,2052,46.5,790,401,93
17447,2019,electricity,859,5857.0,6.82,2052,46.5,790,401,93
17447,2019,gas,53,643.6,12.14,2052,46.5,790,401,93
17447,2020,electricity,866,6017.4,6.95,2052,46.5,790,401,93
17447,2020,gas,50,604.3,12.09,2052,46.5,790,401,93
17447,2021,electricity,891,6467.0,7.26,2052,46.5,790,401,93
17447,2021,gas,49,661.7,13.5,2052,46.5,790,401,93
17447,2022,electricity,921,6001.6,6.52,2052,46.5,790,401,93
17447,2022,gas,50,481.5,9.63,2052,46.5,790,401,93
17447,2023,electricity,1033,5833.1,5.65,2052,46.5,790,401,93
17447,2023,gas,47,457.5,9.73,2052,46.5,790,401,93
17447,2024,electricity,1087,5948.0,5.47,2052,46.5,790,401,93
17447,2024,gas,45,452.9,10.06,2052,46.5,790,401,93
17457,2011,electricity,578,3796.4,6.57,1194,47.6,495,250,62
17457,2012,electricity,580,4006.7,6.91,1194,47.6,495,250,62
17457,2013,electricity,596,4129.1,6.93,1194,47.6,495,250,62
17457,2014,electricity,604,3815.6,6.32,1194,47.6,495,250,62
17457,2015,electricity,621,4001.5,6.44,1194,47.6,495,250,62
17457,2016,electricity,637,4250.8,6.67,1194,47.6,495,250,62
17457,2017,electricity,660,4140.8,6.27,1194,47.6,495,250,62
17457,2018,electricity,603,3819.2,6.33,1194,47.6,495,250,62
17457,2019,electricity,619,3818.9,6.17,1194,47.6,495,250,62
17457,2020,electricity,632,3938.8,6.23,1194,47.6,495,250,62
17457,2021,electricity,621,4246.5,6.84,1194,47.6,495,250,62
17457,2022,electricity,627,3917.3,6.25,1194,47.6,495,250,62
17457,2023,electricity,632,3877.0,6.13,1194,47.6,495,250,62
17457,2024,electricity,639,3830.8,6.0,1194,47.6,495,250,62
17466,2011,electricity,948,7313.5,7.71,2339,50.4,931,550,58
17466,2012,electricity,968,8107.0,8.38,2339,50.4,931,550,58
17466,2013,electricity,983,8550.4,8.7,2339,50.4,931,550,58
17466,2014,electricity,1009,7789.3,7.72,2339,50.4,931,550,58
17466,2015,electricity,1018,8352.3,8.2,2339,50.4,931,550,58
17466,2016,electricity,1033,8636.0,8.36,2339,50.4,931,550,58
17466,2017,electricity,1052,8537.8,8.12,2339,50.4,931,550,58
17466,2018,electricity,1007,8070.6,8.01,2339,50.4,931,550,58
17466,2019,electricity,1016,8014.7,7.89,2339,50.4,931,550,58
17466,2020,electricity,1041,8128.8,7.81,2339,50.4,931,550,58
17466,2021,electricity,1051,8541.1,8.13,2339,50.4,931,550,58
17466,2022,electricity,1066,7735.0,7.26,2339,50.4,931,550,58
17466,2023,electricity,1069,7522.8,7.04,2339,50.4,931,550,58
17466,2024,electricity,1079,7402.8,6.86,2339,50.4,931,550,58
17472,2011,electricity,797,6051.1,7.59,2316,64.0,847,507,64
17472,2012,electricity,877,7287.7,8.31,2316,64.0,847,507,64
17472,2013,electricity,900,7968.7,8.85,2316,64.0,847,507,64
17472,2014,electricity,901,7218.8,8.01,2316,64.0,847,507,64
17472,2015,electricity,911,7507.7,8.24,2316,64.0,847,507,64
17472,2016,electricity,922,7957.0,8.63,2316,64.0,847,507,64
17472,2017,electricity,929,7805.8,8.4,2316,64.0,847,507,64
17472,2018,electricity,869,7125.0,8.2,2316,64.0,847,507,64
17472,2019,electricity,878,7048.5,8.03,2316,64.0,847,507,64
17472,2020,electricity,879,7023.2,7.99,2316,64.0,847,507,64
17472,2021,electricity,887,7411.9,8.36,2316,64.0,847,507,64
17472,2022,electricity,890,6610.7,7.43,2316,64.0,847,507,64
17472,2023,electricity,893,6288.4,7.04,2316,64.0,847,507,64
17472,2024,electricity,892,6184.0,6.93,2316,64.0,847,507,64
17480,2011,electricity,366,2703.2,7.39,747,44.2,279,168,16
17480,2012,electricity,367,2802.6,7.64,747,44.2,279,168,16
17480,2013,electricity,369,2947.8,7.99,747,44.2,279,168,16
17480,2014,electricity,374,2797.5,7.48,747,44.2,279,168,16
17480,2015,electricity,373,2947.8,7.9,747,44.2,279,168,16
17480,2016,electricity,370,2954.7,7.99,747,44.2,279,168,16
17480,2017,electricity,368,2932.0,7.97,747,44.2,279,168,16
17480,2018,electricity,337,2714.9,8.06,747,44.2,279,168,16
17480,2019,electricity,342,2731.3,7.99,747,44.2,279,168,16
17480,2020,electricity,343,2706.8,7.89,747,44.2,279,168,16
17480,2021,electricity,328,2752.5,8.39,747,44.2,279,168,16
17480,2022,electricity,328,2451.3,7.47,747,44.2,279,168,16
17480,2023,electricity,332,2341.9,7.05,747,44.2,279,168,16
17480,2024,electricity,328,2324.7,7.09,747,44.2,279,168,16
17482,2011,electricity,302,2294.8,7.6,641,41.3,253,112,31
17482,2012,electricity,310,2434.3,7.85,641,41.3,253,112,31
17482,2013,electricity,316,2611.3,8.26,641,41.3,253,112,31
17482,2014,electricity,318,2404.0,7.56,641,41.3,253,112,31
17482,2015,electricity,320,2392.3,7.48,641,41.3,253,112,31
17482,2016,electricity,324,2459.8,7.59,641,41.3,253,112,31
17482,2017,electricity,322,2394.3,7.44,641,41.3,253,112,31
17482,2018,electricity,286,2175.7,7.61,641,41.3,253,112,31
17482,2019,electricity,290,2122.5,7.32,641,41.3,253,112,31
17482,2020,electricity,287,2121.1,7.39,641,41.3,253,112,31
17482,2021,electricity,291,2348.5,8.07,641,41.3,253,112,31
17482,2022,electricity,301,2111.0,7.01,641,41.3,253,112,31
17482,2023,electricity,305,2071.7,6.79,641,41.3,253,112,31
17482,2024,electricity,325,2087.1,6.42,641,41.3,253,112,31
17483,2011,electricity,797,5124.9,6.43,1505,47.9,665,409,45
17483,2011,gas,85,1012.0,11.91,1505,47.9,665,409,45
17483,2012,electricity,818,5888.9,7.2,1505,47.9,665,409,45
17483,2012,gas,82,1411.0,17.21,1505,47.9,665,409,45
17483,2013,electricity,833,6303.1,7.57,1505,47.9,665,409,45
17483,2013,gas,85,1445.0,17.0,1505,47.9,665,409,45
17483,2014,electricity,837,5654.7,6.76,1505,47.9,665,409,45
17483,2014,gas,85,1190.0,14.0,1505,47.9,665,409,45
17483,2015,electricity,848,5911.4,6.97,1505,47.9,665,409,45
17483,2015,gas,85,1321.0,15.54,1505,47.9,665,409,45
17483,2016,electricity,857,6028.0,7.03,1505,47.9,665,409,45
17483,2016,gas,85,1350.0,15.88,1505,47.9,665,409,45
17483,2017,electricity,876,5990.5,6.84,1505,47.9,665,409,45
17483,2017,gas,86,1315.0,15.29,1505,47.9,665,409,45
17483,2018,electricity,778,5316.7,6.83,1505,47.9,665,409,45
17483,2018,gas,85,1264.0,14.87,1505,47.9,665,409,45
17483,2019,electricity,794,5214.3,6.57,1505,47.9,665,409,45
17483,2019,gas,84,1132.8,13.49,1505,47.9,665,409,45
17483,2020,electricity,800,5276.4,6.6,1505,47.9,665,409,45
17483,2020,gas,83,1032.5,12.44,1505,47.9,665,409,45
17483,2021,electricity,805,5677.1,7.05,1505,47.9,665,409,45
17483,2021,gas,83,1132.7,13.65,1505,47.9,665,409,45
17483,2022,electricity,858,5127.0,5.98,1505,47.9,665,409,45
17483,2022,gas,78,861.3,11.04,1505,47.9,665,409,45
17483,2023,electricity,857,5043.7,5.89,1505,47.9,665,409,45
17483,2023,gas,78,812.2,10.41,1505,47.9,665,409,45
17483,2024,electricity,865,4896.8,5.66,1505,47.9,665,409,45
17483,2024,gas,74,775.1,10.47,1505,47.9,665,409,45
